order_id,order_date,customer_id,product_id,quantity,unit_price,order_amount,channel
O000001,2025-01-02,C0363,P0012,2,77.21,154.42,mobile_app
O000002,2025-01-07,C0187,P0007,3,67.36,202.08,mobile_app
O000003,2025-01-10,C0260,P0005,3,68.7,206.1,mobile_app
O000004,2025-01-13,C0357,P0016,2,42.76,85.52,mobile_app
O000005,2025-01-14,C0341,P0012,1,77.21,77.21,mobile_app
O000006,2025-01-20,C0292,P0003,1,59.29,59.29,mobile_app
O000007,2025-01-10,C0147,P0001,1,62.96,62.96,web
O000008,2025-01-20,C0336,P0012,3,77.21,231.63,mobile_app
O000009,2025-01-22,C0110,P0013,2,29.42,58.84,marketplace
O000010,2025-01-06,C0338,P0013,3,29.42,88.26,web
O000011,2025-01-21,C0318,P0018,3,69.68,209.04,mobile_app
O000012,2025-01-01,C0024,P0017,1,63.6,63.6,web
O000013,2025-01-28,C0394,P0015,3,35.85,107.55,web
O000014,2025-01-19,C0100,P0012,3,77.21,231.63,marketplace
O000015,2025-01-13,C0125,P0014,2,88.89,177.78,web
O000016,2025-01-25,C0441,P0007,1,67.36,67.36,web
O000017,2025-01-06,C0412,P0015,1,35.85,35.85,marketplace
O000018,2025-01-18,C0128,P0006,1,48.69,48.69,web
O000019,2025-01-22,C0272,P0004,2,32.45,64.9,marketplace
O000020,2025-01-20,C0418,P0010,2,75.53,151.06,marketplace
O000021,2025-01-27,C0465,P0011,2,87.98,175.96,marketplace
O000022,2025-01-24,C0442,P0005,1,68.7,68.7,mobile_app
O000023,2025-01-27,C0327,P0014,1,88.89,88.89,mobile_app
O000024,2025-01-16,C0321,P0007,3,67.36,202.08,web
O000025,2025-01-23,C0147,P0015,1,35.85,35.85,web
O000026,2025-01-18,C0042,P0017,2,63.6,127.2,web
O000027,2025-01-23,C0079,P0006,2,48.69,97.38,marketplace
O000028,2025-01-14,C0170,P0006,2,48.69,97.38,marketplace
O000029,2025-01-07,C0427,P0015,1,35.85,35.85,mobile_app
O000030,2025-01-23,C0011,P0010,3,75.53,226.59,marketplace
O000031,2025-01-12,C0153,P0009,1,22.25,22.25,mobile_app
O000032,2025-01-18,C0383,P0006,2,48.69,97.38,marketplace
O000033,2025-01-08,C0250,P0010,3,75.53,226.59,web
O000034,2025-01-01,C0200,P0007,2,67.36,134.72,mobile_app
O000035,2025-01-24,C0085,P0017,2,63.6,127.2,mobile_app
O000036,2025-01-18,C0014,P0004,3,32.45,97.35,mobile_app
O000037,2025-01-01,C0043,P0016,3,42.76,128.28,marketplace
O000038,2025-01-06,C0026,P0014,2,88.89,177.78,mobile_app
O000039,2025-01-15,C0168,P0012,1,77.21,77.21,mobile_app
O000040,2025-01-09,C0386,P0003,2,59.29,118.58,mobile_app
O000041,2025-01-16,C0010,P0002,1,31.74,31.74,marketplace
O000042,2025-01-08,C0333,P0006,2,48.69,97.38,web
O000043,2025-01-02,C0387,P0014,3,88.89,266.67,web
O000044,2025-01-27,C0011,P0015,1,35.85,35.85,marketplace
O000045,2025-01-16,C0343,P0008,1,86.79,86.79,web
O000046,2025-01-15,C0359,P0014,1,88.89,88.89,mobile_app
O000047,2025-01-20,C0311,P0010,1,75.53,75.53,marketplace
O000048,2025-01-10,C0056,P0017,1,63.6,63.6,marketplace
O000049,2025-01-23,C0102,P0016,2,42.76,85.52,web
O000050,2025-01-08,C0053,P0007,3,67.36,202.08,marketplace
O000051,2025-01-20,C0413,P0006,3,48.69,146.07,web
O000052,2025-01-26,C0022,P0016,3,42.76,128.28,mobile_app
O000053,2025-01-12,C0036,P0013,3,29.42,88.26,marketplace
O000054,2025-01-28,C0216,P0010,1,75.53,75.53,mobile_app
O000055,2025-01-21,C0457,P0001,2,62.96,125.92,mobile_app
O000056,2025-01-06,C0376,P0014,2,88.89,177.78,marketplace
O000057,2025-01-20,C0414,P0008,2,86.79,173.58,marketplace
O000058,2025-01-14,C0423,P0005,2,68.7,137.4,marketplace
O000059,2025-01-28,C0126,P0003,2,59.29,118.58,web
O000060,2025-01-08,C0385,P0017,2,63.6,127.2,mobile_app
O000061,2025-01-13,C0173,P0004,3,32.45,97.35,web
O000062,2025-01-06,C0250,P0011,2,87.98,175.96,web
O000063,2025-01-11,C0144,P0011,2,87.98,175.96,marketplace
O000064,2025-01-18,C0006,P0002,2,31.74,63.48,marketplace
O000065,2025-01-08,C0369,P0018,1,69.68,69.68,mobile_app
O000066,2025-01-23,C0244,P0014,1,88.89,88.89,marketplace
O000067,2025-01-26,C0009,P0009,2,22.25,44.5,web
O000068,2025-01-23,C0125,P0013,2,29.42,58.84,mobile_app
O000069,2025-01-16,C0284,P0005,2,68.7,137.4,marketplace
O000070,2025-01-18,C0170,P0016,3,42.76,128.28,mobile_app
O000071,2025-01-10,C0129,P0007,2,67.36,134.72,web
O000072,2025-01-11,C0062,P0003,1,59.29,59.29,marketplace
O000073,2025-01-06,C0099,P0013,3,29.42,88.26,web
O000074,2025-01-24,C0302,P0002,2,31.74,63.48,marketplace
O000075,2025-01-27,C0100,P0004,1,32.45,32.45,mobile_app
O000076,2025-01-10,C0008,P0010,1,75.53,75.53,marketplace
O000077,2025-01-02,C0499,P0005,2,68.7,137.4,web
O000078,2025-01-05,C0327,P0015,3,35.85,107.55,mobile_app
O000079,2025-01-19,C0146,P0001,1,62.96,62.96,mobile_app
O000080,2025-01-06,C0495,P0002,2,31.74,63.48,web
O000081,2025-01-04,C0421,P0009,2,22.25,44.5,web
O000082,2025-01-19,C0323,P0016,1,42.76,42.76,marketplace
O000083,2025-01-18,C0392,P0035,1,88.64,88.64,mobile_app
O000084,2025-01-08,C0398,P0033,3,56.38,169.14,marketplace
O000085,2025-01-10,C0441,P0024,2,80.92,161.84,marketplace
O000086,2025-01-19,C0318,P0027,2,133.51,267.02,web
O000087,2025-01-04,C0486,P0031,3,185.77,557.31,web
O000088,2025-01-22,C0042,P0025,2,80.43,160.86,web
O000089,2025-01-03,C0081,P0027,3,133.51,400.53,web
O000090,2025-01-20,C0241,P0027,3,133.51,400.53,mobile_app
O000091,2025-01-22,C0120,P0033,1,56.38,56.38,mobile_app
O000092,2025-01-19,C0339,P0019,3,247.59,742.77,web
O000093,2025-01-08,C0332,P0031,3,185.77,557.31,web
O000094,2025-01-03,C0031,P0024,1,80.92,80.92,web
O000095,2025-01-24,C0423,P0027,3,133.51,400.53,marketplace
O000096,2025-01-04,C0240,P0025,2,80.43,160.86,marketplace
O000097,2025-01-09,C0257,P0024,2,80.92,161.84,marketplace
O000098,2025-01-20,C0021,P0030,1,77.83,77.83,mobile_app
O000099,2025-01-09,C0014,P0025,3,80.43,241.29,web
O000100,2025-01-27,C0441,P0033,3,56.38,169.14,marketplace
O000101,2025-01-25,C0345,P0022,1,35.22,35.22,mobile_app
O000102,2025-01-16,C0266,P0023,1,68.9,68.9,marketplace
O000103,2025-01-06,C0300,P0029,2,34.61,69.22,mobile_app
O000104,2025-01-03,C0241,P0024,2,80.92,161.84,mobile_app
O000105,2025-01-22,C0054,P0033,2,56.38,112.76,web
O000106,2025-01-16,C0148,P0029,3,34.61,103.83,marketplace
O000107,2025-01-02,C0233,P0024,3,80.92,242.76,web
O000108,2025-01-04,C0497,P0025,2,80.43,160.86,mobile_app
O000109,2025-01-22,C0446,P0031,1,185.77,185.77,marketplace
O000110,2025-01-07,C0266,P0020,1,177.46,177.46,mobile_app
O000111,2025-01-21,C0227,P0035,2,88.64,177.28,web
O000112,2025-01-05,C0475,P0020,3,177.46,532.38,mobile_app
O000113,2025-01-16,C0063,P0027,3,133.51,400.53,web
O000114,2025-01-26,C0123,P0025,3,80.43,241.29,marketplace
O000115,2025-01-15,C0485,P0029,1,34.61,34.61,web
O000116,2025-01-16,C0478,P0029,1,34.61,34.61,marketplace
O000117,2025-01-09,C0213,P0020,3,177.46,532.38,mobile_app
O000118,2025-01-15,C0283,P0021,1,209.01,209.01,web
O000119,2025-01-17,C0383,P0023,3,68.9,206.7,web
O000120,2025-01-25,C0405,P0021,2,209.01,418.02,mobile_app
O000121,2025-01-09,C0421,P0020,3,177.46,532.38,web
O000122,2025-01-27,C0301,P0019,2,247.59,495.18,marketplace
O000123,2025-01-28,C0077,P0024,2,80.92,161.84,mobile_app
O000124,2025-01-11,C0283,P0027,2,133.51,267.02,marketplace
O000125,2025-01-28,C0097,P0032,2,196.78,393.56,marketplace
O000126,2025-01-08,C0439,P0020,2,177.46,354.92,mobile_app
O000127,2025-01-26,C0421,P0025,3,80.43,241.29,marketplace
O000128,2025-01-02,C0065,P0024,2,80.92,161.84,marketplace
O000129,2025-01-28,C0052,P0033,2,56.38,112.76,mobile_app
O000130,2025-01-03,C0241,P0025,1,80.43,80.43,mobile_app
O000131,2025-01-13,C0333,P0021,3,209.01,627.03,web
O000132,2025-01-28,C0274,P0032,3,196.78,590.34,mobile_app
O000133,2025-01-23,C0455,P0024,3,80.92,242.76,mobile_app
O000134,2025-01-20,C0036,P0034,1,195.25,195.25,web
O000135,2025-01-08,C0383,P0034,2,195.25,390.5,web
O000136,2025-01-25,C0325,P0036,1,55.15,55.15,marketplace
O000137,2025-01-06,C0356,P0024,2,80.92,161.84,mobile_app
O000138,2025-01-11,C0408,P0035,1,88.64,88.64,web
O000139,2025-01-14,C0075,P0029,2,34.61,69.22,web
O000140,2025-01-22,C0406,P0023,3,68.9,206.7,web
O000141,2025-01-20,C0446,P0034,1,195.25,195.25,mobile_app
O000142,2025-01-16,C0468,P0027,1,133.51,133.51,marketplace
O000143,2025-01-26,C0239,P0034,1,195.25,195.25,mobile_app
O000144,2025-01-03,C0227,P0027,1,133.51,133.51,mobile_app
O000145,2025-01-21,C0493,P0025,2,80.43,160.86,mobile_app
O000146,2025-01-28,C0155,P0032,2,196.78,393.56,web
O000147,2025-01-04,C0122,P0019,2,247.59,495.18,mobile_app
O000148,2025-01-10,C0359,P0035,3,88.64,265.92,mobile_app
O000149,2025-01-02,C0467,P0033,3,56.38,169.14,marketplace
O000150,2025-01-25,C0410,P0021,2,209.01,418.02,web
O000151,2025-01-08,C0326,P0027,2,133.51,267.02,web
O000152,2025-01-25,C0370,P0027,3,133.51,400.53,marketplace
O000153,2025-01-21,C0050,P0034,1,195.25,195.25,marketplace
O000154,2025-01-26,C0226,P0020,2,177.46,354.92,web
O000155,2025-01-05,C0047,P0023,3,68.9,206.7,mobile_app
O000156,2025-01-06,C0103,P0026,2,103.26,206.52,web
O000157,2025-01-17,C0257,P0030,2,77.83,155.66,mobile_app
O000158,2025-01-27,C0484,P0030,2,77.83,155.66,mobile_app
O000159,2025-01-24,C0446,P0027,2,133.51,267.02,mobile_app
O000160,2025-01-03,C0073,P0024,2,80.92,161.84,web
O000161,2025-01-22,C0204,P0024,3,80.92,242.76,marketplace
O000162,2025-01-01,C0136,P0034,2,195.25,390.5,marketplace
O000163,2025-01-27,C0327,P0021,2,209.01,418.02,mobile_app
O000164,2025-01-20,C0114,P0032,2,196.78,393.56,marketplace
O000165,2025-01-05,C0024,P0033,1,56.38,56.38,web
O000166,2025-01-04,C0050,P0035,2,88.64,177.28,web
O000167,2025-01-13,C0233,P0026,1,103.26,103.26,mobile_app
O000168,2025-01-19,C0381,P0049,2,66.56,133.12,marketplace
O000169,2025-01-21,C0051,P0042,2,39.16,78.32,mobile_app
O000170,2025-01-02,C0354,P0046,2,17.04,34.08,mobile_app
O000171,2025-01-08,C0438,P0048,2,17.41,34.82,mobile_app
O000172,2025-01-12,C0279,P0053,3,55.22,165.66,marketplace
O000173,2025-01-09,C0098,P0048,2,17.41,34.82,web
O000174,2025-01-03,C0340,P0044,2,53.89,107.78,web
O000175,2025-01-01,C0026,P0042,3,39.16,117.48,mobile_app
O000176,2025-01-26,C0290,P0040,1,90.51,90.51,web
O000177,2025-01-07,C0301,P0043,3,112.18,336.54,web
O000178,2025-01-11,C0397,P0044,1,53.89,53.89,web
O000179,2025-01-01,C0142,P0052,3,20.38,61.14,web
O000180,2025-01-09,C0409,P0054,3,81.88,245.64,web
O000181,2025-01-05,C0008,P0049,1,66.56,66.56,mobile_app
O000182,2025-01-19,C0166,P0038,1,22.31,22.31,web
O000183,2025-01-05,C0380,P0053,1,55.22,55.22,mobile_app
O000184,2025-01-03,C0244,P0038,3,22.31,66.93,mobile_app
O000185,2025-01-19,C0056,P0050,3,69.32,207.96,mobile_app
O000186,2025-01-02,C0373,P0039,3,16.37,49.11,marketplace
O000187,2025-01-21,C0494,P0042,2,39.16,78.32,web
O000188,2025-01-28,C0206,P0042,2,39.16,78.32,mobile_app
O000189,2025-01-23,C0466,P0038,2,22.31,44.62,mobile_app
O000190,2025-01-11,C0312,P0045,1,108.96,108.96,web
O000191,2025-01-20,C0325,P0053,2,55.22,110.44,marketplace
O000192,2025-01-13,C0306,P0041,2,24.12,48.24,marketplace
O000193,2025-01-20,C0221,P0051,3,61.99,185.97,web
O000194,2025-01-28,C0336,P0050,1,69.32,69.32,marketplace
O000195,2025-01-24,C0444,P0050,3,69.32,207.96,web
O000196,2025-01-14,C0174,P0045,1,108.96,108.96,mobile_app
O000197,2025-01-04,C0161,P0046,3,17.04,51.12,mobile_app
O000198,2025-01-12,C0489,P0043,2,112.18,224.36,web
O000199,2025-01-03,C0047,P0047,2,74.73,149.46,web
O000200,2025-01-24,C0379,P0043,1,112.18,112.18,mobile_app
O000201,2025-01-02,C0301,P0053,3,55.22,165.66,marketplace
O000202,2025-01-04,C0211,P0038,3,22.31,66.93,mobile_app
O000203,2025-01-28,C0469,P0042,2,39.16,78.32,marketplace
O000204,2025-01-20,C0160,P0051,2,61.99,123.98,mobile_app
O000205,2025-01-07,C0080,P0043,3,112.18,336.54,marketplace
O000206,2025-01-12,C0433,P0054,1,81.88,81.88,marketplace
O000207,2025-01-19,C0116,P0037,2,111.03,222.06,mobile_app
O000208,2025-01-20,C0346,P0046,3,17.04,51.12,marketplace
O000209,2025-01-22,C0425,P0054,3,81.88,245.64,marketplace
O000210,2025-01-09,C0360,P0037,1,111.03,111.03,mobile_app
O000211,2025-01-01,C0093,P0042,2,39.16,78.32,web
O000212,2025-01-03,C0073,P0039,2,16.37,32.74,marketplace
O000213,2025-01-03,C0383,P0048,1,17.41,17.41,marketplace
O000214,2025-01-15,C0175,P0052,2,20.38,40.76,web
O000215,2025-01-11,C0398,P0043,3,112.18,336.54,marketplace
O000216,2025-01-05,C0081,P0040,1,90.51,90.51,marketplace
O000217,2025-01-15,C0213,P0052,3,20.38,61.14,mobile_app
O000218,2025-01-04,C0177,P0049,3,66.56,199.68,mobile_app
O000219,2025-01-22,C0304,P0045,3,108.96,326.88,mobile_app
O000220,2025-01-02,C0113,P0053,2,55.22,110.44,mobile_app
O000221,2025-01-01,C0105,P0038,1,22.31,22.31,mobile_app
O000222,2025-01-25,C0131,P0047,1,74.73,74.73,mobile_app
O000223,2025-01-16,C0383,P0049,1,66.56,66.56,mobile_app
O000224,2025-01-18,C0361,P0039,2,16.37,32.74,web
O000225,2025-01-26,C0182,P0047,3,74.73,224.19,web
O000226,2025-01-02,C0224,P0038,3,22.31,66.93,web
O000227,2025-01-28,C0161,P0049,1,66.56,66.56,marketplace
O000228,2025-01-23,C0328,P0040,2,90.51,181.02,mobile_app
O000229,2025-01-01,C0495,P0047,2,74.73,149.46,mobile_app
O000230,2025-01-15,C0426,P0041,3,24.12,72.36,marketplace
O000231,2025-01-14,C0433,P0052,1,20.38,20.38,web
O000232,2025-01-13,C0269,P0041,3,24.12,72.36,web
O000233,2025-01-24,C0174,P0041,2,24.12,48.24,web
O000234,2025-01-03,C0262,P0044,1,53.89,53.89,marketplace
O000235,2025-01-07,C0464,P0054,3,81.88,245.64,mobile_app
O000236,2025-01-27,C0076,P0050,3,69.32,207.96,web
O000237,2025-01-07,C0089,P0040,2,90.51,181.02,marketplace
O000238,2025-01-03,C0091,P0039,3,16.37,49.11,marketplace
O000239,2025-01-25,C0297,P0049,3,66.56,199.68,mobile_app
O000240,2025-01-21,C0326,P0042,3,39.16,117.48,marketplace
O000241,2025-01-11,C0078,P0047,3,74.73,224.19,mobile_app
O000242,2025-01-21,C0156,P0051,2,61.99,123.98,mobile_app
O000243,2025-01-17,C0038,P0052,2,20.38,40.76,mobile_app
O000244,2025-01-02,C0189,P0054,1,81.88,81.88,mobile_app
O000245,2025-01-20,C0305,P0047,1,74.73,74.73,marketplace
O000246,2025-01-18,C0489,P0050,3,69.32,207.96,marketplace
O000247,2025-01-26,C0293,P0042,2,39.16,78.32,marketplace
O000248,2025-01-16,C0257,P0049,3,66.56,199.68,web
O000249,2025-01-04,C0416,P0047,2,74.73,149.46,mobile_app
O000250,2025-01-17,C0331,P0038,1,22.31,22.31,web
O000251,2025-01-12,C0191,P0053,1,55.22,55.22,mobile_app
O000252,2025-01-22,C0307,P0053,2,55.22,110.44,web
O000253,2025-01-11,C0034,P0049,3,66.56,199.68,mobile_app
O000254,2025-01-13,C0146,P0053,3,55.22,165.66,mobile_app
O000255,2025-01-20,C0448,P0052,3,20.38,61.14,web
O000256,2025-01-22,C0073,P0051,3,61.99,185.97,mobile_app
O000257,2025-01-23,C0340,P0046,3,17.04,51.12,mobile_app
O000258,2025-01-03,C0159,P0041,3,24.12,72.36,marketplace
O000259,2025-01-27,C0066,P0040,2,90.51,181.02,marketplace
O000260,2025-01-22,C0468,P0048,3,17.41,52.23,marketplace
O000261,2025-01-14,C0261,P0047,3,74.73,224.19,mobile_app
O000262,2025-01-08,C0071,P0046,1,17.04,17.04,web
O000263,2025-01-17,C0395,P0052,1,20.38,20.38,marketplace
O000264,2025-01-02,C0339,P0040,3,90.51,271.53,mobile_app
O000265,2025-01-05,C0306,P0051,3,61.99,185.97,mobile_app
O000266,2025-01-27,C0355,P0050,1,69.32,69.32,marketplace
O000267,2025-01-24,C0225,P0041,1,24.12,24.12,web
O000268,2025-01-24,C0122,P0053,3,55.22,165.66,mobile_app
O000269,2025-01-26,C0230,P0040,3,90.51,271.53,web
O000270,2025-01-26,C0402,P0047,2,74.73,149.46,mobile_app
O000271,2025-01-12,C0348,P0051,1,61.99,61.99,marketplace
O000272,2025-01-25,C0196,P0061,2,33.25,66.5,marketplace
O000273,2025-01-27,C0103,P0063,1,56.18,56.18,marketplace
O000274,2025-01-02,C0329,P0055,2,45.87,91.74,mobile_app
O000275,2025-01-04,C0365,P0064,3,44.22,132.66,marketplace
O000276,2025-01-03,C0391,P0061,2,33.25,66.5,web
O000277,2025-01-05,C0426,P0069,3,57.96,173.88,mobile_app
O000278,2025-01-27,C0231,P0055,1,45.87,45.87,mobile_app
O000279,2025-01-02,C0203,P0057,2,17.54,35.08,marketplace
O000280,2025-01-03,C0192,P0067,2,46.89,93.78,web
O000281,2025-01-02,C0147,P0071,1,14.23,14.23,mobile_app
O000282,2025-01-25,C0362,P0071,1,14.23,14.23,mobile_app
O000283,2025-01-03,C0010,P0063,1,56.18,56.18,mobile_app
O000284,2025-01-18,C0482,P0060,1,56.17,56.17,marketplace
O000285,2025-01-04,C0398,P0060,2,56.17,112.34,mobile_app
O000286,2025-01-02,C0123,P0058,1,50.02,50.02,mobile_app
O000287,2025-01-15,C0033,P0069,3,57.96,173.88,web
O000288,2025-01-20,C0275,P0067,2,46.89,93.78,web
O000289,2025-01-08,C0368,P0071,3,14.23,42.69,web
O000290,2025-01-20,C0181,P0060,1,56.17,56.17,web
O000291,2025-01-22,C0343,P0072,1,38.91,38.91,web
O000292,2025-01-03,C0489,P0070,2,38.94,77.88,marketplace
O000293,2025-01-18,C0011,P0072,3,38.91,116.73,mobile_app
O000294,2025-01-21,C0199,P0056,1,17.96,17.96,mobile_app
O000295,2025-01-12,C0404,P0057,1,17.54,17.54,web
O000296,2025-01-22,C0322,P0063,3,56.18,168.54,web
O000297,2025-01-25,C0171,P0064,3,44.22,132.66,web
O000298,2025-01-11,C0417,P0063,3,56.18,168.54,marketplace
O000299,2025-01-15,C0357,P0062,3,16.56,49.68,mobile_app
O000300,2025-01-03,C0367,P0066,1,58.37,58.37,mobile_app
O000301,2025-01-10,C0264,P0056,2,17.96,35.92,mobile_app
O000302,2025-01-16,C0130,P0067,3,46.89,140.67,web
O000303,2025-01-10,C0183,P0067,1,46.89,46.89,web
O000304,2025-01-09,C0064,P0060,2,56.17,112.34,mobile_app
O000305,2025-01-24,C0226,P0055,2,45.87,91.74,mobile_app
O000306,2025-01-16,C0355,P0062,1,16.56,16.56,mobile_app
O000307,2025-01-09,C0411,P0063,3,56.18,168.54,web
O000308,2025-01-14,C0309,P0062,1,16.56,16.56,web
O000309,2025-01-04,C0041,P0068,2,34.15,68.3,mobile_app
O000310,2025-01-15,C0309,P0071,2,14.23,28.46,marketplace
O000311,2025-01-15,C0180,P0069,3,57.96,173.88,mobile_app
O000312,2025-01-20,C0223,P0058,2,50.02,100.04,mobile_app
O000313,2025-01-03,C0344,P0063,1,56.18,56.18,marketplace
O000314,2025-01-26,C0384,P0059,3,41.91,125.73,marketplace
O000315,2025-01-05,C0435,P0069,1,57.96,57.96,marketplace
O000316,2025-01-02,C0065,P0063,2,56.18,112.36,web
O000317,2025-01-12,C0186,P0066,3,58.37,175.11,mobile_app
O000318,2025-01-20,C0079,P0063,1,56.18,56.18,marketplace
O000319,2025-01-12,C0228,P0065,2,45.36,90.72,web
O000320,2025-01-12,C0204,P0061,3,33.25,99.75,mobile_app
O000321,2025-01-04,C0014,P0059,1,41.91,41.91,marketplace
O000322,2025-01-13,C0468,P0067,3,46.89,140.67,marketplace
O000323,2025-01-23,C0229,P0070,2,38.94,77.88,web
O000324,2025-01-23,C0470,P0069,2,57.96,115.92,mobile_app
O000325,2025-01-28,C0038,P0067,1,46.89,46.89,mobile_app
O000326,2025-01-15,C0045,P0071,3,14.23,42.69,marketplace
O000327,2025-01-22,C0178,P0055,2,45.87,91.74,marketplace
O000328,2025-01-10,C0457,P0060,3,56.17,168.51,mobile_app
O000329,2025-01-23,C0475,P0063,3,56.18,168.54,marketplace
O000330,2025-01-17,C0115,P0070,2,38.94,77.88,web
O000331,2025-01-08,C0405,P0059,1,41.91,41.91,mobile_app
O000332,2025-01-20,C0453,P0060,1,56.17,56.17,web
O000333,2025-01-23,C0369,P0061,2,33.25,66.5,mobile_app
O000334,2025-01-27,C0295,P0063,2,56.18,112.36,web
O000335,2025-01-21,C0038,P0058,2,50.02,100.04,mobile_app
O000336,2025-01-12,C0066,P0069,3,57.96,173.88,marketplace
O000337,2025-01-25,C0495,P0069,1,57.96,57.96,web
O000338,2025-01-27,C0064,P0072,1,38.91,38.91,marketplace
O000339,2025-01-06,C0166,P0063,1,56.18,56.18,marketplace
O000340,2025-01-10,C0434,P0066,3,58.37,175.11,web
O000341,2025-01-18,C0141,P0055,3,45.87,137.61,web
O000342,2025-01-18,C0048,P0062,3,16.56,49.68,marketplace
O000343,2025-01-19,C0079,P0061,3,33.25,99.75,web
O000344,2025-01-20,C0173,P0059,3,41.91,125.73,marketplace
O000345,2025-01-03,C0024,P0055,1,45.87,45.87,marketplace
O000346,2025-01-21,C0108,P0072,2,38.91,77.82,marketplace
O000347,2025-01-01,C0255,P0063,3,56.18,168.54,marketplace
O000348,2025-01-10,C0248,P0064,3,44.22,132.66,web
O000349,2025-01-13,C0153,P0068,3,34.15,102.45,mobile_app
O000350,2025-01-06,C0226,P0072,1,38.91,38.91,mobile_app
O000351,2025-01-11,C0311,P0065,1,45.36,45.36,web
O000352,2025-01-11,C0376,P0056,3,17.96,53.88,mobile_app
O000353,2025-01-25,C0190,P0060,1,56.17,56.17,marketplace
O000354,2025-01-08,C0239,P0061,2,33.25,66.5,web
O000355,2025-01-05,C0050,P0064,1,44.22,44.22,web
O000356,2025-01-28,C0316,P0060,2,56.17,112.34,mobile_app
O000357,2025-01-27,C0168,P0058,1,50.02,50.02,marketplace
O000358,2025-01-25,C0082,P0063,1,56.18,56.18,mobile_app
O000359,2025-01-16,C0451,P0071,2,14.23,28.46,mobile_app
O000360,2025-01-13,C0259,P0064,1,44.22,44.22,mobile_app
O000361,2025-01-19,C0181,P0059,1,41.91,41.91,web
O000362,2025-01-20,C0452,P0061,2,33.25,66.5,marketplace
O000363,2025-01-18,C0005,P0061,2,33.25,66.5,web
O000364,2025-01-24,C0188,P0071,2,14.23,28.46,mobile_app
O000365,2025-01-02,C0292,P0064,2,44.22,88.44,marketplace
O000366,2025-01-10,C0038,P0056,3,17.96,53.88,mobile_app
O000367,2025-01-09,C0423,P0064,3,44.22,132.66,marketplace
O000368,2025-01-05,C0500,P0056,1,17.96,17.96,web
O000369,2025-01-18,C0481,P0064,2,44.22,88.44,mobile_app
O000370,2025-01-20,C0261,P0064,1,44.22,44.22,mobile_app
O000371,2025-01-05,C0366,P0077,1,98.86,98.86,mobile_app
O000372,2025-01-15,C0077,P0085,3,107.81,323.43,marketplace
O000373,2025-01-11,C0477,P0084,1,51.77,51.77,marketplace
O000374,2025-01-20,C0379,P0089,2,115.07,230.14,mobile_app
O000375,2025-01-27,C0261,P0083,3,50.7,152.1,marketplace
O000376,2025-01-10,C0244,P0090,3,16.31,48.93,web
O000377,2025-01-04,C0214,P0083,3,50.7,152.1,marketplace
O000378,2025-01-28,C0353,P0083,3,50.7,152.1,marketplace
O000379,2025-01-08,C0370,P0082,3,105.16,315.48,web
O000380,2025-01-17,C0323,P0089,1,115.07,115.07,marketplace
O000381,2025-01-05,C0421,P0074,2,105.41,210.82,marketplace
O000382,2025-01-23,C0057,P0075,3,32.67,98.01,web
O000383,2025-01-17,C0397,P0078,2,87.58,175.16,marketplace
O000384,2025-01-24,C0032,P0080,3,36.3,108.9,marketplace
O000385,2025-01-18,C0167,P0083,1,50.7,50.7,marketplace
O000386,2025-01-11,C0490,P0081,2,147.82,295.64,web
O000387,2025-01-11,C0280,P0079,3,133.92,401.76,mobile_app
O000388,2025-01-22,C0330,P0084,3,51.77,155.31,marketplace
O000389,2025-01-07,C0491,P0079,2,133.92,267.84,web
O000390,2025-01-08,C0483,P0080,2,36.3,72.6,mobile_app
O000391,2025-01-07,C0354,P0086,3,48.9,146.7,marketplace
O000392,2025-01-12,C0287,P0073,2,93.8,187.6,marketplace
O000393,2025-01-19,C0347,P0089,1,115.07,115.07,marketplace
O000394,2025-01-27,C0177,P0080,2,36.3,72.6,web
O000395,2025-01-23,C0041,P0076,2,140.42,280.84,mobile_app
O000396,2025-01-09,C0383,P0084,3,51.77,155.31,mobile_app
O000397,2025-01-09,C0478,P0084,3,51.77,155.31,marketplace
O000398,2025-01-04,C0316,P0084,1,51.77,51.77,marketplace
O000399,2025-01-02,C0343,P0082,1,105.16,105.16,marketplace
O000400,2025-01-02,C0052,P0082,1,105.16,105.16,mobile_app
O000401,2025-01-04,C0349,P0076,2,140.42,280.84,web
O000402,2025-01-16,C0334,P0089,2,115.07,230.14,web
O000403,2025-01-11,C0147,P0088,2,60.03,120.06,marketplace
O000404,2025-01-28,C0480,P0084,3,51.77,155.31,web
O000405,2025-01-14,C0452,P0081,1,147.82,147.82,web
O000406,2025-01-27,C0204,P0081,1,147.82,147.82,mobile_app
O000407,2025-01-28,C0475,P0079,3,133.92,401.76,mobile_app
O000408,2025-01-10,C0291,P0086,1,48.9,48.9,marketplace
O000409,2025-01-10,C0233,P0081,2,147.82,295.64,marketplace
O000410,2025-01-05,C0436,P0083,2,50.7,101.4,marketplace
O000411,2025-01-26,C0058,P0078,1,87.58,87.58,mobile_app
O000412,2025-01-21,C0132,P0073,2,93.8,187.6,marketplace
O000413,2025-01-11,C0405,P0086,3,48.9,146.7,mobile_app
O000414,2025-01-06,C0313,P0079,1,133.92,133.92,marketplace
O000415,2025-01-17,C0168,P0080,2,36.3,72.6,web
O000416,2025-01-06,C0072,P0087,1,100.63,100.63,mobile_app
O000417,2025-01-01,C0134,P0087,1,100.63,100.63,mobile_app
O000418,2025-01-11,C0155,P0081,2,147.82,295.64,marketplace
O000419,2025-01-09,C0335,P0074,1,105.41,105.41,mobile_app
O000420,2025-01-22,C0061,P0088,1,60.03,60.03,mobile_app
O000421,2025-01-22,C0258,P0080,2,36.3,72.6,marketplace
O000422,2025-01-04,C0328,P0085,3,107.81,323.43,mobile_app
O000423,2025-01-08,C0491,P0086,1,48.9,48.9,web
O000424,2025-01-24,C0311,P0074,2,105.41,210.82,mobile_app
O000425,2025-01-16,C0388,P0084,3,51.77,155.31,marketplace
O000426,2025-01-25,C0127,P0073,1,93.8,93.8,marketplace
O000427,2025-01-17,C0229,P0086,1,48.9,48.9,marketplace
O000428,2025-01-19,C0058,P0090,1,16.31,16.31,web
O000429,2025-01-07,C0294,P0082,3,105.16,315.48,marketplace
O000430,2025-01-28,C0267,P0089,2,115.07,230.14,mobile_app
O000431,2025-01-23,C0299,P0083,1,50.7,50.7,mobile_app
O000432,2025-01-15,C0415,P0086,3,48.9,146.7,web
O000433,2025-01-14,C0234,P0076,3,140.42,421.26,marketplace
O000434,2025-01-09,C0419,P0074,2,105.41,210.82,web
O000435,2025-01-03,C0024,P0077,3,98.86,296.58,mobile_app
O000436,2025-01-18,C0031,P0082,1,105.16,105.16,web
O000437,2025-01-02,C0147,P0074,2,105.41,210.82,mobile_app
O000438,2025-01-25,C0329,P0080,1,36.3,36.3,marketplace
O000439,2025-01-12,C0457,P0074,2,105.41,210.82,mobile_app
O000440,2025-01-13,C0042,P0076,2,140.42,280.84,marketplace
O000441,2025-01-05,C0335,P0073,3,93.8,281.4,mobile_app
O000442,2025-01-13,C0271,P0075,3,32.67,98.01,web
O000443,2025-01-25,C0012,P0096,1,34.31,34.31,mobile_app
O000444,2025-01-18,C0218,P0105,3,33.24,99.72,marketplace
O000445,2025-01-08,C0236,P0104,1,24.6,24.6,mobile_app
O000446,2025-01-24,C0392,P0091,1,7.04,7.04,web
O000447,2025-01-14,C0315,P0107,3,23.3,69.9,web
O000448,2025-01-04,C0305,P0098,1,31.06,31.06,web
O000449,2025-01-23,C0447,P0097,3,11.2,33.6,web
O000450,2025-01-13,C0225,P0096,1,34.31,34.31,web
O000451,2025-01-05,C0258,P0108,1,23.58,23.58,mobile_app
O000452,2025-01-19,C0164,P0100,3,12.45,37.35,marketplace
O000453,2025-01-27,C0165,P0103,3,31.07,93.21,web
O000454,2025-01-22,C0267,P0092,1,18.46,18.46,web
O000455,2025-01-02,C0286,P0097,2,11.2,22.4,marketplace
O000456,2025-01-21,C0348,P0095,1,27.73,27.73,mobile_app
O000457,2025-01-12,C0483,P0095,1,27.73,27.73,marketplace
O000458,2025-01-11,C0357,P0094,3,8.98,26.94,mobile_app
O000459,2025-01-13,C0095,P0107,2,23.3,46.6,marketplace
O000460,2025-01-10,C0440,P0097,1,11.2,11.2,marketplace
O000461,2025-01-02,C0288,P0106,2,22.84,45.68,mobile_app
O000462,2025-01-17,C0069,P0108,3,23.58,70.74,mobile_app
O000463,2025-01-11,C0332,P0101,1,14.85,14.85,web
O000464,2025-01-03,C0275,P0102,2,6.69,13.38,marketplace
O000465,2025-01-09,C0194,P0098,1,31.06,31.06,marketplace
O000466,2025-01-28,C0038,P0103,1,31.07,31.07,web
O000467,2025-01-24,C0344,P0093,3,32.07,96.21,marketplace
O000468,2025-01-28,C0465,P0095,1,27.73,27.73,mobile_app
O000469,2025-01-07,C0480,P0100,1,12.45,12.45,web
O000470,2025-01-24,C0387,P0102,1,6.69,6.69,mobile_app
O000471,2025-01-20,C0361,P0108,3,23.58,70.74,web
O000472,2025-01-18,C0165,P0108,1,23.58,23.58,mobile_app
O000473,2025-01-21,C0184,P0105,3,33.24,99.72,mobile_app
O000474,2025-01-16,C0239,P0096,3,34.31,102.93,web
O000475,2025-01-16,C0390,P0104,3,24.6,73.8,mobile_app
O000476,2025-01-11,C0212,P0098,2,31.06,62.12,web
O000477,2025-01-24,C0075,P0108,1,23.58,23.58,web
O000478,2025-01-19,C0369,P0096,3,34.31,102.93,mobile_app
O000479,2025-01-11,C0118,P0106,1,22.84,22.84,mobile_app
O000480,2025-01-16,C0282,P0093,1,32.07,32.07,marketplace
O000481,2025-01-09,C0391,P0096,2,34.31,68.62,mobile_app
O000482,2025-01-24,C0252,P0094,3,8.98,26.94,mobile_app
O000483,2025-01-06,C0072,P0094,2,8.98,17.96,marketplace
O000484,2025-01-18,C0329,P0093,1,32.07,32.07,web
O000485,2025-01-27,C0343,P0099,1,28.83,28.83,web
O000486,2025-01-05,C0432,P0108,2,23.58,47.16,marketplace
O000487,2025-01-05,C0005,P0091,3,7.04,21.12,web
O000488,2025-01-02,C0317,P0095,2,27.73,55.46,marketplace
O000489,2025-01-16,C0338,P0100,3,12.45,37.35,mobile_app
O000490,2025-01-09,C0275,P0104,3,24.6,73.8,mobile_app
O000491,2025-01-17,C0077,P0095,1,27.73,27.73,web
O000492,2025-01-09,C0418,P0091,3,7.04,21.12,mobile_app
O000493,2025-01-03,C0192,P0104,2,24.6,49.2,mobile_app
O000494,2025-01-23,C0116,P0096,1,34.31,34.31,mobile_app
O000495,2025-01-21,C0440,P0095,1,27.73,27.73,marketplace
O000496,2025-01-13,C0195,P0096,1,34.31,34.31,mobile_app
O000497,2025-01-21,C0005,P0098,1,31.06,31.06,marketplace
O000498,2025-01-28,C0223,P0108,2,23.58,47.16,marketplace
O000499,2025-01-28,C0499,P0107,3,23.3,69.9,web
O000500,2025-01-08,C0109,P0098,1,31.06,31.06,marketplace
O000501,2025-01-09,C0024,P0091,2,7.04,14.08,web
O000502,2025-01-18,C0289,P0091,2,7.04,14.08,marketplace
O000503,2025-01-01,C0493,P0105,2,33.24,66.48,web
O000504,2025-01-27,C0204,P0103,3,31.07,93.21,web
O000505,2025-01-08,C0291,P0097,3,11.2,33.6,mobile_app
O000506,2025-01-11,C0197,P0106,3,22.84,68.52,marketplace
O000507,2025-01-24,C0041,P0102,3,6.69,20.07,marketplace
O000508,2025-01-02,C0051,P0106,2,22.84,45.68,mobile_app
O000509,2025-01-11,C0310,P0101,1,14.85,14.85,marketplace
O000510,2025-01-25,C0168,P0100,2,12.45,24.9,web
O000511,2025-01-16,C0117,P0094,2,8.98,17.96,mobile_app
O000512,2025-01-14,C0096,P0093,2,32.07,64.14,marketplace
O000513,2025-01-03,C0396,P0106,2,22.84,45.68,marketplace
O000514,2025-01-23,C0038,P0095,1,27.73,27.73,web
O000515,2025-01-23,C0402,P0098,2,31.06,62.12,marketplace
O000516,2025-01-11,C0185,P0091,2,7.04,14.08,web
O000517,2025-01-15,C0185,P0105,2,33.24,66.48,mobile_app
O000518,2025-01-06,C0221,P0098,1,31.06,31.06,mobile_app
O000519,2025-01-14,C0053,P0104,3,24.6,73.8,web
O000520,2025-01-03,C0306,P0095,3,27.73,83.19,marketplace
O000521,2025-01-01,C0150,P0096,2,34.31,68.62,mobile_app
O000522,2025-01-24,C0462,P0098,1,31.06,31.06,marketplace
O000523,2025-01-19,C0267,P0095,1,27.73,27.73,web
O000524,2025-01-05,C0138,P0105,1,33.24,33.24,mobile_app
O000525,2025-01-03,C0086,P0094,1,8.98,8.98,mobile_app
O000526,2025-01-16,C0401,P0096,2,34.31,68.62,web
O000527,2025-02-21,C0254,P0011,3,87.98,263.94,marketplace
O000528,2025-02-04,C0070,P0012,2,77.21,154.42,mobile_app
O000529,2025-02-11,C0221,P0017,2,63.6,127.2,marketplace
O000530,2025-02-10,C0165,P0018,1,69.68,69.68,marketplace
O000531,2025-02-16,C0161,P0006,1,48.69,48.69,web
O000532,2025-02-10,C0377,P0008,2,86.79,173.58,marketplace
O000533,2025-02-26,C0125,P0005,3,68.7,206.1,mobile_app
O000534,2025-02-12,C0059,P0001,2,62.96,125.92,marketplace
O000535,2025-02-06,C0350,P0010,3,75.53,226.59,marketplace
O000536,2025-02-03,C0420,P0002,3,31.74,95.22,mobile_app
O000537,2025-02-21,C0156,P0011,1,87.98,87.98,web
O000538,2025-02-23,C0217,P0004,1,32.45,32.45,mobile_app
O000539,2025-02-18,C0019,P0017,2,63.6,127.2,mobile_app
O000540,2025-02-20,C0327,P0002,3,31.74,95.22,web
O000541,2025-02-02,C0289,P0002,3,31.74,95.22,marketplace
O000542,2025-02-25,C0170,P0018,2,69.68,139.36,mobile_app
O000543,2025-02-19,C0353,P0018,3,69.68,209.04,marketplace
O000544,2025-02-13,C0238,P0008,2,86.79,173.58,marketplace
O000545,2025-02-05,C0177,P0017,3,63.6,190.8,web
O000546,2025-02-14,C0472,P0001,2,62.96,125.92,web
O000547,2025-02-16,C0179,P0001,3,62.96,188.88,mobile_app
O000548,2025-02-01,C0435,P0003,1,59.29,59.29,mobile_app
O000549,2025-02-26,C0085,P0009,3,22.25,66.75,marketplace
O000550,2025-02-18,C0082,P0004,1,32.45,32.45,mobile_app
O000551,2025-02-08,C0409,P0009,2,22.25,44.5,mobile_app
O000552,2025-02-21,C0337,P0007,1,67.36,67.36,mobile_app
O000553,2025-02-20,C0453,P0001,3,62.96,188.88,web
O000554,2025-02-13,C0003,P0001,2,62.96,125.92,marketplace
O000555,2025-02-25,C0361,P0010,2,75.53,151.06,web
O000556,2025-02-06,C0188,P0011,3,87.98,263.94,mobile_app
O000557,2025-02-09,C0344,P0010,1,75.53,75.53,mobile_app
O000558,2025-02-11,C0306,P0003,3,59.29,177.87,mobile_app
O000559,2025-02-04,C0179,P0007,3,67.36,202.08,mobile_app
O000560,2025-02-06,C0417,P0008,3,86.79,260.37,marketplace
O000561,2025-02-20,C0303,P0008,2,86.79,173.58,web
O000562,2025-02-04,C0123,P0016,2,42.76,85.52,mobile_app
O000563,2025-02-05,C0295,P0007,3,67.36,202.08,mobile_app
O000564,2025-02-21,C0276,P0005,2,68.7,137.4,marketplace
O000565,2025-02-18,C0086,P0001,1,62.96,62.96,mobile_app
O000566,2025-02-11,C0432,P0010,1,75.53,75.53,mobile_app
O000567,2025-02-01,C0249,P0016,2,42.76,85.52,web
O000568,2025-02-18,C0259,P0006,2,48.69,97.38,marketplace
O000569,2025-02-16,C0213,P0018,3,69.68,209.04,marketplace
O000570,2025-02-06,C0043,P0011,2,87.98,175.96,marketplace
O000571,2025-02-06,C0400,P0015,2,35.85,71.7,mobile_app
O000572,2025-02-18,C0262,P0008,2,86.79,173.58,web
O000573,2025-02-25,C0279,P0009,2,22.25,44.5,mobile_app
O000574,2025-02-25,C0369,P0008,1,86.79,86.79,mobile_app
O000575,2025-02-04,C0377,P0004,2,32.45,64.9,marketplace
O000576,2025-02-28,C0017,P0018,2,69.68,139.36,mobile_app
O000577,2025-02-15,C0444,P0008,1,86.79,86.79,web
O000578,2025-02-07,C0416,P0011,1,87.98,87.98,marketplace
O000579,2025-02-28,C0364,P0013,2,29.42,58.84,marketplace
O000580,2025-02-20,C0072,P0009,1,22.25,22.25,web
O000581,2025-02-19,C0180,P0014,1,88.89,88.89,marketplace
O000582,2025-02-06,C0166,P0017,3,63.6,190.8,marketplace
O000583,2025-02-09,C0488,P0009,3,22.25,66.75,marketplace
O000584,2025-02-27,C0049,P0010,3,75.53,226.59,web
O000585,2025-02-02,C0142,P0015,2,35.85,71.7,marketplace
O000586,2025-02-13,C0251,P0006,3,48.69,146.07,web
O000587,2025-02-21,C0213,P0001,2,62.96,125.92,mobile_app
O000588,2025-02-26,C0451,P0013,3,29.42,88.26,web
O000589,2025-02-09,C0356,P0004,3,32.45,97.35,mobile_app
O000590,2025-02-11,C0298,P0012,2,77.21,154.42,web
O000591,2025-02-03,C0375,P0017,3,63.6,190.8,mobile_app
O000592,2025-02-12,C0436,P0016,3,42.76,128.28,web
O000593,2025-02-07,C0496,P0014,2,88.89,177.78,mobile_app
O000594,2025-02-09,C0166,P0016,2,42.76,85.52,mobile_app
O000595,2025-02-05,C0290,P0009,3,22.25,66.75,mobile_app
O000596,2025-02-25,C0025,P0016,3,42.76,128.28,web
O000597,2025-02-15,C0001,P0007,2,67.36,134.72,mobile_app
O000598,2025-02-05,C0452,P0006,3,48.69,146.07,marketplace
O000599,2025-02-03,C0336,P0003,2,59.29,118.58,mobile_app
O000600,2025-02-22,C0463,P0007,2,67.36,134.72,marketplace
O000601,2025-02-21,C0157,P0011,2,87.98,175.96,marketplace
O000602,2025-02-14,C0336,P0004,1,32.45,32.45,web
O000603,2025-02-07,C0245,P0007,1,67.36,67.36,web
O000604,2025-02-11,C0419,P0009,3,22.25,66.75,web
O000605,2025-02-23,C0068,P0004,2,32.45,64.9,mobile_app
O000606,2025-02-12,C0452,P0014,2,88.89,177.78,mobile_app
O000607,2025-02-21,C0347,P0017,1,63.6,63.6,web
O000608,2025-02-24,C0110,P0009,2,22.25,44.5,marketplace
O000609,2025-02-20,C0352,P0013,2,29.42,58.84,mobile_app
O000610,2025-02-04,C0072,P0008,1,86.79,86.79,web
O000611,2025-02-12,C0494,P0008,2,86.79,173.58,mobile_app
O000612,2025-02-09,C0331,P0033,1,56.38,56.38,web
O000613,2025-02-20,C0370,P0035,3,88.64,265.92,marketplace
O000614,2025-02-01,C0435,P0030,3,77.83,233.49,marketplace
O000615,2025-02-17,C0311,P0029,1,34.61,34.61,marketplace
O000616,2025-02-10,C0331,P0024,2,80.92,161.84,web
O000617,2025-02-16,C0198,P0025,1,80.43,80.43,web
O000618,2025-02-20,C0037,P0022,3,35.22,105.66,marketplace
O000619,2025-02-12,C0479,P0029,1,34.61,34.61,mobile_app
O000620,2025-02-25,C0038,P0030,2,77.83,155.66,web
O000621,2025-02-09,C0111,P0026,1,103.26,103.26,web
O000622,2025-02-17,C0147,P0026,2,103.26,206.52,marketplace
O000623,2025-02-14,C0360,P0034,2,195.25,390.5,mobile_app
O000624,2025-02-03,C0262,P0024,2,80.92,161.84,web
O000625,2025-02-18,C0168,P0036,1,55.15,55.15,mobile_app
O000626,2025-02-22,C0330,P0028,3,164.31,492.93,web
O000627,2025-02-24,C0489,P0024,2,80.92,161.84,web
O000628,2025-02-02,C0159,P0024,3,80.92,242.76,marketplace
O000629,2025-02-06,C0062,P0025,3,80.43,241.29,web
O000630,2025-02-01,C0084,P0031,3,185.77,557.31,mobile_app
O000631,2025-02-17,C0401,P0033,3,56.38,169.14,marketplace
O000632,2025-02-05,C0384,P0025,2,80.43,160.86,mobile_app
O000633,2025-02-25,C0461,P0036,1,55.15,55.15,web
O000634,2025-02-09,C0269,P0036,2,55.15,110.3,web
O000635,2025-02-21,C0040,P0035,3,88.64,265.92,mobile_app
O000636,2025-02-02,C0256,P0036,2,55.15,110.3,marketplace
O000637,2025-02-24,C0060,P0019,3,247.59,742.77,web
O000638,2025-02-02,C0440,P0030,1,77.83,77.83,web
O000639,2025-02-12,C0197,P0021,2,209.01,418.02,web
O000640,2025-02-14,C0115,P0029,3,34.61,103.83,mobile_app
O000641,2025-02-11,C0139,P0023,3,68.9,206.7,web
O000642,2025-02-17,C0345,P0024,1,80.92,80.92,web
O000643,2025-02-28,C0145,P0021,2,209.01,418.02,mobile_app
O000644,2025-02-15,C0005,P0026,3,103.26,309.78,mobile_app
O000645,2025-02-26,C0156,P0024,3,80.92,242.76,marketplace
O000646,2025-02-12,C0303,P0036,2,55.15,110.3,mobile_app
O000647,2025-02-24,C0462,P0032,1,196.78,196.78,marketplace
O000648,2025-02-05,C0004,P0022,1,35.22,35.22,mobile_app
O000649,2025-02-01,C0389,P0022,2,35.22,70.44,marketplace
O000650,2025-02-24,C0158,P0022,3,35.22,105.66,web
O000651,2025-02-14,C0252,P0029,1,34.61,34.61,web
O000652,2025-02-23,C0144,P0021,1,209.01,209.01,web
O000653,2025-02-15,C0499,P0019,2,247.59,495.18,marketplace
O000654,2025-02-19,C0291,P0032,1,196.78,196.78,web
O000655,2025-02-08,C0150,P0022,1,35.22,35.22,mobile_app
O000656,2025-02-23,C0426,P0029,2,34.61,69.22,marketplace
O000657,2025-02-09,C0120,P0019,2,247.59,495.18,web
O000658,2025-02-25,C0395,P0030,1,77.83,77.83,marketplace
O000659,2025-02-18,C0184,P0025,1,80.43,80.43,web
O000660,2025-02-09,C0437,P0034,2,195.25,390.5,web
O000661,2025-02-27,C0439,P0025,1,80.43,80.43,mobile_app
O000662,2025-02-10,C0134,P0023,3,68.9,206.7,web
O000663,2025-02-04,C0237,P0032,1,196.78,196.78,web
O000664,2025-02-04,C0007,P0035,1,88.64,88.64,web
O000665,2025-02-05,C0102,P0024,1,80.92,80.92,mobile_app
O000666,2025-02-21,C0044,P0027,3,133.51,400.53,marketplace
O000667,2025-02-01,C0034,P0034,1,195.25,195.25,web
O000668,2025-02-26,C0066,P0035,2,88.64,177.28,web
O000669,2025-02-04,C0022,P0020,2,177.46,354.92,mobile_app
O000670,2025-02-13,C0350,P0021,1,209.01,209.01,mobile_app
O000671,2025-02-02,C0315,P0024,1,80.92,80.92,marketplace
O000672,2025-02-10,C0256,P0023,3,68.9,206.7,mobile_app
O000673,2025-02-02,C0045,P0033,2,56.38,112.76,mobile_app
O000674,2025-02-07,C0330,P0021,2,209.01,418.02,marketplace
O000675,2025-02-26,C0010,P0033,3,56.38,169.14,mobile_app
O000676,2025-02-16,C0279,P0020,2,177.46,354.92,mobile_app
O000677,2025-02-17,C0165,P0033,3,56.38,169.14,mobile_app
O000678,2025-02-11,C0306,P0027,1,133.51,133.51,web
O000679,2025-02-25,C0300,P0036,2,55.15,110.3,web
O000680,2025-02-08,C0337,P0027,1,133.51,133.51,web
O000681,2025-02-02,C0392,P0030,3,77.83,233.49,web
O000682,2025-02-12,C0479,P0035,2,88.64,177.28,web
O000683,2025-02-01,C0361,P0028,3,164.31,492.93,marketplace
O000684,2025-02-19,C0073,P0029,3,34.61,103.83,marketplace
O000685,2025-02-18,C0159,P0036,2,55.15,110.3,web
O000686,2025-02-02,C0120,P0022,1,35.22,35.22,marketplace
O000687,2025-02-16,C0001,P0023,3,68.9,206.7,mobile_app
O000688,2025-02-26,C0067,P0034,1,195.25,195.25,mobile_app
O000689,2025-02-02,C0012,P0022,2,35.22,70.44,web
O000690,2025-02-28,C0270,P0037,1,111.03,111.03,mobile_app
O000691,2025-02-23,C0483,P0054,2,81.88,163.76,marketplace
O000692,2025-02-11,C0155,P0047,1,74.73,74.73,mobile_app
O000693,2025-02-24,C0486,P0037,1,111.03,111.03,mobile_app
O000694,2025-02-21,C0163,P0040,2,90.51,181.02,web
O000695,2025-02-23,C0456,P0047,3,74.73,224.19,marketplace
O000696,2025-02-22,C0302,P0052,1,20.38,20.38,web
O000697,2025-02-23,C0151,P0039,3,16.37,49.11,web
O000698,2025-02-23,C0486,P0054,1,81.88,81.88,marketplace
O000699,2025-02-02,C0094,P0054,3,81.88,245.64,marketplace
O000700,2025-02-08,C0328,P0051,3,61.99,185.97,marketplace
O000701,2025-02-05,C0170,P0037,2,111.03,222.06,marketplace
O000702,2025-02-11,C0086,P0054,2,81.88,163.76,marketplace
O000703,2025-02-27,C0363,P0037,1,111.03,111.03,marketplace
O000704,2025-02-15,C0006,P0040,2,90.51,181.02,mobile_app
O000705,2025-02-03,C0180,P0038,3,22.31,66.93,mobile_app
O000706,2025-02-01,C0025,P0054,3,81.88,245.64,mobile_app
O000707,2025-02-06,C0453,P0051,2,61.99,123.98,mobile_app
O000708,2025-02-12,C0280,P0048,2,17.41,34.82,mobile_app
O000709,2025-02-26,C0443,P0042,2,39.16,78.32,marketplace
O000710,2025-02-08,C0084,P0054,3,81.88,245.64,mobile_app
O000711,2025-02-10,C0011,P0037,1,111.03,111.03,mobile_app
O000712,2025-02-03,C0176,P0051,1,61.99,61.99,web
O000713,2025-02-24,C0039,P0049,1,66.56,66.56,marketplace
O000714,2025-02-11,C0305,P0038,1,22.31,22.31,marketplace
O000715,2025-02-01,C0221,P0046,3,17.04,51.12,marketplace
O000716,2025-02-06,C0028,P0041,2,24.12,48.24,web
O000717,2025-02-14,C0357,P0039,1,16.37,16.37,marketplace
O000718,2025-02-18,C0136,P0048,3,17.41,52.23,marketplace
O000719,2025-02-04,C0026,P0044,1,53.89,53.89,mobile_app
O000720,2025-02-05,C0028,P0037,2,111.03,222.06,mobile_app
O000721,2025-02-07,C0050,P0039,2,16.37,32.74,web
O000722,2025-02-10,C0042,P0049,3,66.56,199.68,mobile_app
O000723,2025-02-26,C0204,P0047,2,74.73,149.46,mobile_app
O000724,2025-02-09,C0047,P0051,3,61.99,185.97,marketplace
O000725,2025-02-12,C0454,P0037,1,111.03,111.03,mobile_app
O000726,2025-02-02,C0135,P0041,2,24.12,48.24,mobile_app
O000727,2025-02-27,C0138,P0053,1,55.22,55.22,marketplace
O000728,2025-02-22,C0050,P0047,3,74.73,224.19,web
O000729,2025-02-14,C0498,P0039,3,16.37,49.11,marketplace
O000730,2025-02-27,C0199,P0052,1,20.38,20.38,marketplace
O000731,2025-02-22,C0444,P0051,3,61.99,185.97,mobile_app
O000732,2025-02-16,C0154,P0044,1,53.89,53.89,web
O000733,2025-02-02,C0258,P0037,3,111.03,333.09,marketplace
O000734,2025-02-22,C0318,P0050,3,69.32,207.96,web
O000735,2025-02-06,C0486,P0043,2,112.18,224.36,web
O000736,2025-02-05,C0022,P0047,1,74.73,74.73,mobile_app
O000737,2025-02-14,C0104,P0052,3,20.38,61.14,marketplace
O000738,2025-02-09,C0164,P0047,3,74.73,224.19,marketplace
O000739,2025-02-03,C0199,P0051,1,61.99,61.99,marketplace
O000740,2025-02-28,C0142,P0041,2,24.12,48.24,marketplace
O000741,2025-02-26,C0359,P0045,1,108.96,108.96,marketplace
O000742,2025-02-04,C0213,P0043,2,112.18,224.36,web
O000743,2025-02-19,C0389,P0039,3,16.37,49.11,web
O000744,2025-02-25,C0052,P0038,3,22.31,66.93,mobile_app
O000745,2025-02-14,C0136,P0038,2,22.31,44.62,mobile_app
O000746,2025-02-20,C0243,P0052,3,20.38,61.14,web
O000747,2025-02-05,C0317,P0047,2,74.73,149.46,marketplace
O000748,2025-02-02,C0203,P0054,2,81.88,163.76,mobile_app
O000749,2025-02-24,C0244,P0042,1,39.16,39.16,mobile_app
O000750,2025-02-11,C0419,P0039,1,16.37,16.37,mobile_app
O000751,2025-02-28,C0357,P0043,2,112.18,224.36,marketplace
O000752,2025-02-05,C0154,P0051,1,61.99,61.99,marketplace
O000753,2025-02-09,C0374,P0047,2,74.73,149.46,mobile_app
O000754,2025-02-07,C0227,P0040,1,90.51,90.51,web
O000755,2025-02-24,C0249,P0046,2,17.04,34.08,marketplace
O000756,2025-02-17,C0406,P0047,1,74.73,74.73,web
O000757,2025-02-17,C0207,P0050,3,69.32,207.96,web
O000758,2025-02-19,C0015,P0052,3,20.38,61.14,web
O000759,2025-02-27,C0030,P0052,1,20.38,20.38,web
O000760,2025-02-27,C0238,P0037,2,111.03,222.06,marketplace
O000761,2025-02-22,C0016,P0041,1,24.12,24.12,web
O000762,2025-02-15,C0091,P0047,3,74.73,224.19,mobile_app
O000763,2025-02-12,C0084,P0039,2,16.37,32.74,mobile_app
O000764,2025-02-03,C0146,P0039,3,16.37,49.11,web
O000765,2025-02-28,C0293,P0050,1,69.32,69.32,web
O000766,2025-02-08,C0347,P0052,3,20.38,61.14,web
O000767,2025-02-17,C0011,P0037,2,111.03,222.06,marketplace
O000768,2025-02-09,C0312,P0046,1,17.04,17.04,mobile_app
O000769,2025-02-13,C0437,P0066,2,58.37,116.74,mobile_app
O000770,2025-02-15,C0155,P0069,1,57.96,57.96,marketplace
O000771,2025-02-13,C0300,P0066,3,58.37,175.11,web
O000772,2025-02-22,C0056,P0064,2,44.22,88.44,mobile_app
O000773,2025-02-21,C0167,P0061,2,33.25,66.5,mobile_app
O000774,2025-02-21,C0153,P0057,3,17.54,52.62,web
O000775,2025-02-02,C0413,P0070,1,38.94,38.94,marketplace
O000776,2025-02-22,C0072,P0067,2,46.89,93.78,marketplace
O000777,2025-02-13,C0378,P0066,2,58.37,116.74,web
O000778,2025-02-27,C0098,P0055,3,45.87,137.61,mobile_app
O000779,2025-02-22,C0274,P0064,1,44.22,44.22,marketplace
O000780,2025-02-12,C0260,P0055,3,45.87,137.61,mobile_app
O000781,2025-02-18,C0093,P0069,3,57.96,173.88,mobile_app
O000782,2025-02-24,C0133,P0069,1,57.96,57.96,marketplace
O000783,2025-02-22,C0461,P0064,1,44.22,44.22,mobile_app
O000784,2025-02-12,C0115,P0059,1,41.91,41.91,marketplace
O000785,2025-02-26,C0455,P0064,2,44.22,88.44,mobile_app
O000786,2025-02-10,C0238,P0071,3,14.23,42.69,web
O000787,2025-02-19,C0298,P0065,3,45.36,136.08,marketplace
O000788,2025-02-17,C0062,P0063,1,56.18,56.18,marketplace
O000789,2025-02-14,C0028,P0060,2,56.17,112.34,web
O000790,2025-02-11,C0210,P0064,1,44.22,44.22,marketplace
O000791,2025-02-05,C0162,P0059,2,41.91,83.82,marketplace
O000792,2025-02-16,C0171,P0056,1,17.96,17.96,marketplace
O000793,2025-02-21,C0030,P0056,2,17.96,35.92,web
O000794,2025-02-25,C0397,P0064,1,44.22,44.22,web
O000795,2025-02-16,C0403,P0071,1,14.23,14.23,web
O000796,2025-02-21,C0220,P0065,2,45.36,90.72,mobile_app
O000797,2025-02-13,C0003,P0068,2,34.15,68.3,web
O000798,2025-02-12,C0487,P0069,3,57.96,173.88,web
O000799,2025-02-07,C0010,P0058,3,50.02,150.06,marketplace
O000800,2025-02-04,C0197,P0070,1,38.94,38.94,marketplace
O000801,2025-02-03,C0422,P0055,1,45.87,45.87,web
O000802,2025-02-15,C0373,P0059,2,41.91,83.82,marketplace
O000803,2025-02-14,C0455,P0071,2,14.23,28.46,marketplace
O000804,2025-02-16,C0184,P0061,2,33.25,66.5,web
O000805,2025-02-01,C0117,P0056,2,17.96,35.92,web
O000806,2025-02-07,C0376,P0057,1,17.54,17.54,web
O000807,2025-02-04,C0188,P0065,1,45.36,45.36,marketplace
O000808,2025-02-13,C0449,P0066,1,58.37,58.37,marketplace
O000809,2025-02-20,C0025,P0059,3,41.91,125.73,marketplace
O000810,2025-02-04,C0335,P0065,3,45.36,136.08,web
O000811,2025-02-14,C0228,P0061,1,33.25,33.25,mobile_app
O000812,2025-02-16,C0360,P0056,2,17.96,35.92,web
O000813,2025-02-21,C0005,P0068,3,34.15,102.45,mobile_app
O000814,2025-02-22,C0267,P0057,1,17.54,17.54,mobile_app
O000815,2025-02-05,C0215,P0069,3,57.96,173.88,web
O000816,2025-02-04,C0145,P0066,3,58.37,175.11,web
O000817,2025-02-07,C0312,P0066,2,58.37,116.74,web
O000818,2025-02-07,C0184,P0067,3,46.89,140.67,marketplace
O000819,2025-02-02,C0281,P0055,1,45.87,45.87,mobile_app
O000820,2025-02-16,C0170,P0072,3,38.91,116.73,web
O000821,2025-02-05,C0487,P0072,2,38.91,77.82,web
O000822,2025-02-24,C0371,P0063,1,56.18,56.18,web
O000823,2025-02-08,C0234,P0066,3,58.37,175.11,mobile_app
O000824,2025-02-04,C0417,P0059,1,41.91,41.91,web
O000825,2025-02-12,C0411,P0064,2,44.22,88.44,marketplace
O000826,2025-02-04,C0049,P0070,3,38.94,116.82,web
O000827,2025-02-20,C0138,P0057,2,17.54,35.08,marketplace
O000828,2025-02-06,C0059,P0065,2,45.36,90.72,mobile_app
O000829,2025-02-09,C0428,P0068,2,34.15,68.3,mobile_app
O000830,2025-02-26,C0216,P0062,2,16.56,33.12,marketplace
O000831,2025-02-04,C0068,P0062,1,16.56,16.56,marketplace
O000832,2025-02-04,C0214,P0068,1,34.15,34.15,marketplace
O000833,2025-02-22,C0225,P0058,3,50.02,150.06,web
O000834,2025-02-20,C0015,P0066,2,58.37,116.74,marketplace
O000835,2025-02-05,C0248,P0071,3,14.23,42.69,mobile_app
O000836,2025-02-15,C0024,P0061,2,33.25,66.5,web
O000837,2025-02-01,C0361,P0055,2,45.87,91.74,marketplace
O000838,2025-02-19,C0371,P0056,3,17.96,53.88,marketplace
O000839,2025-02-28,C0174,P0071,3,14.23,42.69,marketplace
O000840,2025-02-20,C0049,P0065,3,45.36,136.08,mobile_app
O000841,2025-02-16,C0178,P0068,1,34.15,34.15,marketplace
O000842,2025-02-05,C0430,P0069,2,57.96,115.92,marketplace
O000843,2025-02-02,C0006,P0059,3,41.91,125.73,marketplace
O000844,2025-02-28,C0241,P0058,3,50.02,150.06,mobile_app
O000845,2025-02-25,C0252,P0065,1,45.36,45.36,mobile_app
O000846,2025-02-02,C0260,P0067,2,46.89,93.78,web
O000847,2025-02-13,C0419,P0062,2,16.56,33.12,web
O000848,2025-02-26,C0294,P0063,2,56.18,112.36,mobile_app
O000849,2025-02-15,C0162,P0059,2,41.91,83.82,web
O000850,2025-02-21,C0010,P0064,3,44.22,132.66,web
O000851,2025-02-18,C0282,P0066,1,58.37,58.37,web
O000852,2025-02-20,C0327,P0072,3,38.91,116.73,mobile_app
O000853,2025-02-07,C0336,P0066,3,58.37,175.11,marketplace
O000854,2025-02-12,C0423,P0057,2,17.54,35.08,web
O000855,2025-02-11,C0287,P0067,2,46.89,93.78,marketplace
O000856,2025-02-15,C0059,P0078,3,87.58,262.74,web
O000857,2025-02-01,C0175,P0076,1,140.42,140.42,mobile_app
O000858,2025-02-18,C0268,P0079,2,133.92,267.84,mobile_app
O000859,2025-02-06,C0253,P0079,1,133.92,133.92,web
O000860,2025-02-24,C0210,P0087,3,100.63,301.89,web
O000861,2025-02-07,C0062,P0076,1,140.42,140.42,mobile_app
O000862,2025-02-23,C0174,P0075,1,32.67,32.67,web
O000863,2025-02-21,C0429,P0089,1,115.07,115.07,marketplace
O000864,2025-02-15,C0338,P0087,2,100.63,201.26,marketplace
O000865,2025-02-16,C0003,P0084,1,51.77,51.77,marketplace
O000866,2025-02-14,C0430,P0086,3,48.9,146.7,marketplace
O000867,2025-02-25,C0472,P0074,3,105.41,316.23,web
O000868,2025-02-24,C0418,P0089,1,115.07,115.07,web
O000869,2025-02-20,C0311,P0073,3,93.8,281.4,mobile_app
O000870,2025-02-14,C0312,P0077,2,98.86,197.72,marketplace
O000871,2025-02-13,C0494,P0084,2,51.77,103.54,mobile_app
O000872,2025-02-26,C0069,P0086,2,48.9,97.8,web
O000873,2025-02-24,C0263,P0081,3,147.82,443.46,mobile_app
O000874,2025-02-28,C0161,P0078,3,87.58,262.74,marketplace
O000875,2025-02-21,C0112,P0080,3,36.3,108.9,web
O000876,2025-02-10,C0352,P0080,3,36.3,108.9,mobile_app
O000877,2025-02-23,C0333,P0089,1,115.07,115.07,web
O000878,2025-02-21,C0166,P0086,3,48.9,146.7,marketplace
O000879,2025-02-18,C0246,P0089,2,115.07,230.14,marketplace
O000880,2025-02-23,C0214,P0084,3,51.77,155.31,marketplace
O000881,2025-02-10,C0450,P0081,3,147.82,443.46,mobile_app
O000882,2025-02-04,C0013,P0090,3,16.31,48.93,mobile_app
O000883,2025-02-02,C0103,P0075,3,32.67,98.01,mobile_app
O000884,2025-02-10,C0350,P0081,1,147.82,147.82,mobile_app
O000885,2025-02-23,C0402,P0076,1,140.42,140.42,mobile_app
O000886,2025-02-02,C0184,P0081,3,147.82,443.46,mobile_app
O000887,2025-02-24,C0288,P0075,3,32.67,98.01,web
O000888,2025-02-13,C0122,P0090,3,16.31,48.93,marketplace
O000889,2025-02-10,C0355,P0086,3,48.9,146.7,marketplace
O000890,2025-02-18,C0028,P0086,2,48.9,97.8,web
O000891,2025-02-20,C0445,P0087,1,100.63,100.63,mobile_app
O000892,2025-02-23,C0364,P0078,3,87.58,262.74,marketplace
O000893,2025-02-18,C0379,P0079,3,133.92,401.76,marketplace
O000894,2025-02-07,C0151,P0090,3,16.31,48.93,mobile_app
O000895,2025-02-03,C0096,P0090,3,16.31,48.93,web
O000896,2025-02-13,C0021,P0083,1,50.7,50.7,mobile_app
O000897,2025-02-05,C0083,P0085,2,107.81,215.62,marketplace
O000898,2025-02-11,C0239,P0074,1,105.41,105.41,marketplace
O000899,2025-02-05,C0476,P0086,1,48.9,48.9,mobile_app
O000900,2025-02-20,C0432,P0081,3,147.82,443.46,marketplace
O000901,2025-02-18,C0184,P0073,3,93.8,281.4,web
O000902,2025-02-17,C0113,P0088,2,60.03,120.06,web
O000903,2025-02-06,C0213,P0086,3,48.9,146.7,marketplace
O000904,2025-02-12,C0114,P0088,1,60.03,60.03,web
O000905,2025-02-12,C0151,P0079,2,133.92,267.84,web
O000906,2025-02-17,C0244,P0078,3,87.58,262.74,marketplace
O000907,2025-02-01,C0059,P0085,3,107.81,323.43,marketplace
O000908,2025-02-21,C0315,P0078,1,87.58,87.58,marketplace
O000909,2025-02-22,C0454,P0088,1,60.03,60.03,mobile_app
O000910,2025-02-13,C0132,P0073,1,93.8,93.8,marketplace
O000911,2025-02-17,C0421,P0076,1,140.42,140.42,mobile_app
O000912,2025-02-15,C0250,P0082,3,105.16,315.48,web
O000913,2025-02-07,C0165,P0085,3,107.81,323.43,marketplace
O000914,2025-02-06,C0498,P0086,1,48.9,48.9,marketplace
O000915,2025-02-03,C0108,P0083,3,50.7,152.1,marketplace
O000916,2025-02-28,C0351,P0089,1,115.07,115.07,mobile_app
O000917,2025-02-18,C0425,P0082,1,105.16,105.16,marketplace
O000918,2025-02-25,C0223,P0087,3,100.63,301.89,marketplace
O000919,2025-02-24,C0352,P0090,1,16.31,16.31,web
O000920,2025-02-18,C0037,P0077,2,98.86,197.72,marketplace
O000921,2025-02-14,C0199,P0074,2,105.41,210.82,mobile_app
O000922,2025-02-11,C0009,P0081,2,147.82,295.64,mobile_app
O000923,2025-02-01,C0329,P0085,3,107.81,323.43,marketplace
O000924,2025-02-19,C0024,P0090,3,16.31,48.93,marketplace
O000925,2025-02-17,C0055,P0083,2,50.7,101.4,mobile_app
O000926,2025-02-20,C0045,P0080,2,36.3,72.6,mobile_app
O000927,2025-02-13,C0203,P0086,2,48.9,97.8,marketplace
O000928,2025-02-10,C0492,P0075,3,32.67,98.01,marketplace
O000929,2025-02-26,C0444,P0089,3,115.07,345.21,marketplace
O000930,2025-02-18,C0448,P0081,1,147.82,147.82,marketplace
O000931,2025-02-01,C0294,P0082,1,105.16,105.16,marketplace
O000932,2025-02-03,C0157,P0082,3,105.16,315.48,web
O000933,2025-02-12,C0109,P0083,3,50.7,152.1,mobile_app
O000934,2025-02-05,C0083,P0088,3,60.03,180.09,web
O000935,2025-02-07,C0059,P0076,2,140.42,280.84,web
O000936,2025-02-28,C0028,P0080,3,36.3,108.9,marketplace
O000937,2025-02-03,C0149,P0082,3,105.16,315.48,marketplace
O000938,2025-02-07,C0372,P0082,1,105.16,105.16,marketplace
O000939,2025-02-12,C0066,P0084,2,51.77,103.54,marketplace
O000940,2025-02-10,C0318,P0073,1,93.8,93.8,web
O000941,2025-02-16,C0231,P0076,2,140.42,280.84,mobile_app
O000942,2025-02-23,C0300,P0074,2,105.41,210.82,web
O000943,2025-02-26,C0162,P0083,2,50.7,101.4,mobile_app
O000944,2025-02-08,C0403,P0085,2,107.81,215.62,web
O000945,2025-02-14,C0142,P0085,3,107.81,323.43,mobile_app
O000946,2025-02-11,C0450,P0088,3,60.03,180.09,mobile_app
O000947,2025-02-25,C0157,P0074,2,105.41,210.82,mobile_app
O000948,2025-02-21,C0311,P0077,1,98.86,98.86,web
O000949,2025-02-07,C0135,P0108,3,23.58,70.74,marketplace
O000950,2025-02-24,C0039,P0103,1,31.07,31.07,web
O000951,2025-02-01,C0417,P0108,3,23.58,70.74,marketplace
O000952,2025-02-07,C0465,P0091,3,7.04,21.12,web
O000953,2025-02-18,C0242,P0106,3,22.84,68.52,marketplace
O000954,2025-02-13,C0115,P0108,2,23.58,47.16,marketplace
O000955,2025-02-05,C0238,P0104,2,24.6,49.2,marketplace
O000956,2025-02-12,C0258,P0101,2,14.85,29.7,web
O000957,2025-02-22,C0085,P0100,3,12.45,37.35,marketplace
O000958,2025-02-06,C0290,P0107,1,23.3,23.3,marketplace
O000959,2025-02-24,C0375,P0108,1,23.58,23.58,mobile_app
O000960,2025-02-08,C0390,P0099,1,28.83,28.83,mobile_app
O000961,2025-02-12,C0120,P0100,2,12.45,24.9,web
O000962,2025-02-26,C0185,P0108,3,23.58,70.74,mobile_app
O000963,2025-02-02,C0021,P0096,2,34.31,68.62,marketplace
O000964,2025-02-17,C0325,P0107,3,23.3,69.9,mobile_app
O000965,2025-02-19,C0279,P0097,2,11.2,22.4,marketplace
O000966,2025-02-13,C0188,P0105,3,33.24,99.72,marketplace
O000967,2025-02-17,C0129,P0094,1,8.98,8.98,mobile_app
O000968,2025-02-17,C0208,P0102,1,6.69,6.69,mobile_app
O000969,2025-02-16,C0406,P0102,2,6.69,13.38,mobile_app
O000970,2025-02-17,C0452,P0099,1,28.83,28.83,web
O000971,2025-02-03,C0264,P0099,1,28.83,28.83,marketplace
O000972,2025-02-06,C0081,P0101,1,14.85,14.85,mobile_app
O000973,2025-02-22,C0118,P0094,1,8.98,8.98,mobile_app
O000974,2025-02-04,C0247,P0105,3,33.24,99.72,marketplace
O000975,2025-02-19,C0083,P0098,1,31.06,31.06,marketplace
O000976,2025-02-08,C0023,P0107,1,23.3,23.3,web
O000977,2025-02-05,C0323,P0107,1,23.3,23.3,marketplace
O000978,2025-02-05,C0029,P0100,3,12.45,37.35,web
O000979,2025-02-17,C0491,P0104,1,24.6,24.6,mobile_app
O000980,2025-02-21,C0010,P0095,3,27.73,83.19,marketplace
O000981,2025-02-03,C0111,P0103,2,31.07,62.14,mobile_app
O000982,2025-02-28,C0247,P0104,2,24.6,49.2,web
O000983,2025-02-20,C0074,P0107,2,23.3,46.6,marketplace
O000984,2025-02-20,C0338,P0098,1,31.06,31.06,marketplace
O000985,2025-02-22,C0176,P0093,3,32.07,96.21,mobile_app
O000986,2025-02-08,C0194,P0108,1,23.58,23.58,mobile_app
O000987,2025-02-07,C0268,P0093,1,32.07,32.07,marketplace
O000988,2025-02-20,C0050,P0096,1,34.31,34.31,web
O000989,2025-02-20,C0020,P0092,3,18.46,55.38,marketplace
O000990,2025-02-03,C0247,P0097,1,11.2,11.2,marketplace
O000991,2025-02-18,C0424,P0100,3,12.45,37.35,web
O000992,2025-02-21,C0221,P0095,3,27.73,83.19,marketplace
O000993,2025-02-23,C0272,P0108,1,23.58,23.58,mobile_app
O000994,2025-02-26,C0394,P0094,2,8.98,17.96,mobile_app
O000995,2025-02-25,C0429,P0097,3,11.2,33.6,marketplace
O000996,2025-02-05,C0131,P0092,2,18.46,36.92,mobile_app
O000997,2025-02-10,C0307,P0105,1,33.24,33.24,marketplace
O000998,2025-02-01,C0364,P0107,1,23.3,23.3,marketplace
O000999,2025-02-17,C0061,P0094,3,8.98,26.94,marketplace
O001000,2025-02-05,C0219,P0104,1,24.6,24.6,marketplace
O001001,2025-02-28,C0275,P0100,2,12.45,24.9,mobile_app
O001002,2025-02-09,C0349,P0096,3,34.31,102.93,mobile_app
O001003,2025-02-18,C0402,P0107,2,23.3,46.6,marketplace
O001004,2025-02-18,C0285,P0096,2,34.31,68.62,mobile_app
O001005,2025-02-19,C0177,P0108,2,23.58,47.16,marketplace
O001006,2025-02-28,C0443,P0100,1,12.45,12.45,marketplace
O001007,2025-02-15,C0401,P0103,1,31.07,31.07,marketplace
O001008,2025-02-07,C0261,P0099,1,28.83,28.83,mobile_app
O001009,2025-02-20,C0357,P0108,3,23.58,70.74,marketplace
O001010,2025-02-13,C0494,P0102,1,6.69,6.69,marketplace
O001011,2025-02-03,C0033,P0106,2,22.84,45.68,mobile_app
O001012,2025-02-20,C0020,P0108,1,23.58,23.58,marketplace
O001013,2025-02-20,C0336,P0091,2,7.04,14.08,marketplace
O001014,2025-02-02,C0485,P0103,3,31.07,93.21,web
O001015,2025-02-01,C0104,P0107,2,23.3,46.6,marketplace
O001016,2025-02-10,C0100,P0102,3,6.69,20.07,web
O001017,2025-02-17,C0358,P0098,3,31.06,93.18,web
O001018,2025-02-02,C0185,P0093,3,32.07,96.21,web
O001019,2025-02-03,C0142,P0100,1,12.45,12.45,mobile_app
O001020,2025-02-13,C0301,P0105,2,33.24,66.48,web
O001021,2025-02-23,C0036,P0099,3,28.83,86.49,web
O001022,2025-02-27,C0287,P0098,3,31.06,93.18,marketplace
O001023,2025-02-08,C0311,P0100,2,12.45,24.9,web
O001024,2025-02-19,C0003,P0094,2,8.98,17.96,mobile_app
O001025,2025-02-04,C0287,P0108,3,23.58,70.74,web
O001026,2025-02-04,C0412,P0098,2,31.06,62.12,marketplace
O001027,2025-03-09,C0356,P0005,3,68.7,206.1,mobile_app
O001028,2025-03-16,C0395,P0011,3,87.98,263.94,web
O001029,2025-03-22,C0236,P0013,2,29.42,58.84,marketplace
O001030,2025-03-04,C0133,P0018,2,69.68,139.36,web
O001031,2025-03-22,C0360,P0011,1,87.98,87.98,web
O001032,2025-03-12,C0265,P0003,2,59.29,118.58,marketplace
O001033,2025-03-27,C0176,P0006,3,48.69,146.07,web
O001034,2025-03-16,C0161,P0009,1,22.25,22.25,mobile_app
O001035,2025-03-09,C0094,P0018,3,69.68,209.04,marketplace
O001036,2025-03-16,C0378,P0001,1,62.96,62.96,web
O001037,2025-03-28,C0136,P0007,1,67.36,67.36,web
O001038,2025-03-27,C0317,P0010,1,75.53,75.53,mobile_app
O001039,2025-03-20,C0004,P0015,2,35.85,71.7,marketplace
O001040,2025-03-12,C0318,P0013,2,29.42,58.84,mobile_app
O001041,2025-03-28,C0141,P0010,3,75.53,226.59,mobile_app
O001042,2025-03-09,C0204,P0001,3,62.96,188.88,web
O001043,2025-03-02,C0270,P0013,1,29.42,29.42,mobile_app
O001044,2025-03-02,C0258,P0013,3,29.42,88.26,mobile_app
O001045,2025-03-25,C0090,P0010,3,75.53,226.59,mobile_app
O001046,2025-03-17,C0236,P0001,3,62.96,188.88,mobile_app
O001047,2025-03-22,C0108,P0006,1,48.69,48.69,mobile_app
O001048,2025-03-12,C0314,P0006,2,48.69,97.38,mobile_app
O001049,2025-03-08,C0138,P0014,2,88.89,177.78,mobile_app
O001050,2025-03-12,C0095,P0016,2,42.76,85.52,mobile_app
O001051,2025-03-23,C0386,P0015,2,35.85,71.7,mobile_app
O001052,2025-03-09,C0231,P0006,2,48.69,97.38,web
O001053,2025-03-22,C0118,P0018,3,69.68,209.04,web
O001054,2025-03-18,C0222,P0002,1,31.74,31.74,mobile_app
O001055,2025-03-05,C0243,P0009,3,22.25,66.75,web
O001056,2025-03-05,C0458,P0014,2,88.89,177.78,marketplace
O001057,2025-03-11,C0403,P0016,3,42.76,128.28,mobile_app
O001058,2025-03-28,C0291,P0017,3,63.6,190.8,web
O001059,2025-03-06,C0031,P0001,3,62.96,188.88,web
O001060,2025-03-27,C0323,P0016,2,42.76,85.52,web
O001061,2025-03-09,C0185,P0009,2,22.25,44.5,mobile_app
O001062,2025-03-12,C0011,P0006,2,48.69,97.38,mobile_app
O001063,2025-03-25,C0146,P0016,1,42.76,42.76,mobile_app
O001064,2025-03-16,C0397,P0012,3,77.21,231.63,marketplace
O001065,2025-03-13,C0315,P0003,1,59.29,59.29,mobile_app
O001066,2025-03-28,C0086,P0010,1,75.53,75.53,marketplace
O001067,2025-03-14,C0324,P0015,2,35.85,71.7,marketplace
O001068,2025-03-03,C0083,P0018,1,69.68,69.68,mobile_app
O001069,2025-03-21,C0150,P0001,2,62.96,125.92,marketplace
O001070,2025-03-13,C0139,P0014,3,88.89,266.67,mobile_app
O001071,2025-03-24,C0301,P0016,2,42.76,85.52,marketplace
O001072,2025-03-06,C0095,P0002,2,31.74,63.48,web
O001073,2025-03-03,C0108,P0015,3,35.85,107.55,web
O001074,2025-03-03,C0480,P0006,1,48.69,48.69,mobile_app
O001075,2025-03-25,C0204,P0007,1,67.36,67.36,marketplace
O001076,2025-03-04,C0135,P0018,1,69.68,69.68,marketplace
O001077,2025-03-21,C0065,P0016,2,42.76,85.52,web
O001078,2025-03-01,C0018,P0009,1,22.25,22.25,marketplace
O001079,2025-03-28,C0244,P0016,2,42.76,85.52,mobile_app
O001080,2025-03-09,C0281,P0014,3,88.89,266.67,mobile_app
O001081,2025-03-21,C0450,P0018,3,69.68,209.04,marketplace
O001082,2025-03-21,C0274,P0008,3,86.79,260.37,mobile_app
O001083,2025-03-18,C0117,P0008,2,86.79,173.58,web
O001084,2025-03-14,C0134,P0018,2,69.68,139.36,web
O001085,2025-03-17,C0418,P0001,1,62.96,62.96,web
O001086,2025-03-18,C0005,P0014,2,88.89,177.78,marketplace
O001087,2025-03-10,C0005,P0017,2,63.6,127.2,mobile_app
O001088,2025-03-08,C0408,P0001,3,62.96,188.88,web
O001089,2025-03-14,C0452,P0005,1,68.7,68.7,marketplace
O001090,2025-03-06,C0367,P0007,1,67.36,67.36,marketplace
O001091,2025-03-08,C0135,P0012,2,77.21,154.42,web
O001092,2025-03-17,C0392,P0010,1,75.53,75.53,marketplace
O001093,2025-03-09,C0146,P0006,3,48.69,146.07,marketplace
O001094,2025-03-14,C0097,P0012,2,77.21,154.42,web
O001095,2025-03-04,C0327,P0001,2,62.96,125.92,mobile_app
O001096,2025-03-23,C0319,P0004,2,32.45,64.9,mobile_app
O001097,2025-03-05,C0026,P0015,1,35.85,35.85,marketplace
O001098,2025-03-01,C0120,P0011,3,87.98,263.94,web
O001099,2025-03-15,C0357,P0014,2,88.89,177.78,web
O001100,2025-03-02,C0137,P0014,1,88.89,88.89,mobile_app
O001101,2025-03-27,C0007,P0013,2,29.42,58.84,web
O001102,2025-03-08,C0198,P0010,3,75.53,226.59,mobile_app
O001103,2025-03-07,C0236,P0006,1,48.69,48.69,marketplace
O001104,2025-03-22,C0107,P0011,3,87.98,263.94,mobile_app
O001105,2025-03-11,C0082,P0013,2,29.42,58.84,marketplace
O001106,2025-03-18,C0267,P0005,3,68.7,206.1,web
O001107,2025-03-10,C0102,P0013,3,29.42,88.26,mobile_app
O001108,2025-03-07,C0499,P0002,3,31.74,95.22,web
O001109,2025-03-11,C0008,P0008,2,86.79,173.58,web
O001110,2025-03-04,C0203,P0017,3,63.6,190.8,web
O001111,2025-03-05,C0191,P0006,3,48.69,146.07,web
O001112,2025-03-03,C0352,P0015,2,35.85,71.7,marketplace
O001113,2025-03-02,C0031,P0009,3,22.25,66.75,mobile_app
O001114,2025-03-18,C0406,P0010,3,75.53,226.59,web
O001115,2025-03-26,C0457,P0008,2,86.79,173.58,mobile_app
O001116,2025-03-23,C0194,P0014,1,88.89,88.89,mobile_app
O001117,2025-03-02,C0249,P0017,2,63.6,127.2,marketplace
O001118,2025-03-18,C0357,P0017,2,63.6,127.2,mobile_app
O001119,2025-03-18,C0179,P0007,1,67.36,67.36,mobile_app
O001120,2025-03-28,C0426,P0014,2,88.89,177.78,marketplace
O001121,2025-03-06,C0036,P0005,3,68.7,206.1,marketplace
O001122,2025-03-25,C0327,P0013,1,29.42,29.42,marketplace
O001123,2025-03-01,C0318,P0012,1,77.21,77.21,mobile_app
O001124,2025-03-11,C0370,P0018,1,69.68,69.68,web
O001125,2025-03-27,C0199,P0007,3,67.36,202.08,web
O001126,2025-03-25,C0283,P0017,2,63.6,127.2,web
O001127,2025-03-14,C0329,P0012,2,77.21,154.42,mobile_app
O001128,2025-03-28,C0017,P0016,1,42.76,42.76,web
O001129,2025-03-16,C0270,P0008,3,86.79,260.37,marketplace
O001130,2025-03-02,C0188,P0012,2,77.21,154.42,web
O001131,2025-03-07,C0336,P0019,1,247.59,247.59,mobile_app
O001132,2025-03-15,C0411,P0035,1,88.64,88.64,marketplace
O001133,2025-03-02,C0422,P0033,3,56.38,169.14,marketplace
O001134,2025-03-24,C0037,P0029,1,34.61,34.61,mobile_app
O001135,2025-03-18,C0198,P0025,1,80.43,80.43,web
O001136,2025-03-18,C0213,P0022,3,35.22,105.66,marketplace
O001137,2025-03-04,C0086,P0026,2,103.26,206.52,web
O001138,2025-03-11,C0337,P0021,3,209.01,627.03,web
O001139,2025-03-15,C0478,P0026,3,103.26,309.78,mobile_app
O001140,2025-03-11,C0433,P0028,3,164.31,492.93,mobile_app
O001141,2025-03-14,C0423,P0030,3,77.83,233.49,marketplace
O001142,2025-03-19,C0280,P0025,1,80.43,80.43,web
O001143,2025-03-24,C0131,P0029,3,34.61,103.83,mobile_app
O001144,2025-03-13,C0001,P0022,2,35.22,70.44,marketplace
O001145,2025-03-10,C0114,P0025,1,80.43,80.43,web
O001146,2025-03-25,C0421,P0032,1,196.78,196.78,marketplace
O001147,2025-03-17,C0285,P0034,3,195.25,585.75,marketplace
O001148,2025-03-04,C0020,P0021,1,209.01,209.01,mobile_app
O001149,2025-03-09,C0188,P0020,1,177.46,177.46,marketplace
O001150,2025-03-26,C0154,P0033,2,56.38,112.76,web
O001151,2025-03-07,C0376,P0019,3,247.59,742.77,web
O001152,2025-03-06,C0250,P0028,2,164.31,328.62,marketplace
O001153,2025-03-20,C0329,P0021,1,209.01,209.01,mobile_app
O001154,2025-03-27,C0223,P0032,2,196.78,393.56,mobile_app
O001155,2025-03-28,C0395,P0025,1,80.43,80.43,web
O001156,2025-03-01,C0325,P0023,3,68.9,206.7,marketplace
O001157,2025-03-17,C0022,P0021,2,209.01,418.02,mobile_app
O001158,2025-03-11,C0258,P0019,1,247.59,247.59,marketplace
O001159,2025-03-22,C0375,P0033,1,56.38,56.38,mobile_app
O001160,2025-03-19,C0259,P0035,3,88.64,265.92,web
O001161,2025-03-26,C0202,P0030,2,77.83,155.66,web
O001162,2025-03-09,C0044,P0026,2,103.26,206.52,mobile_app
O001163,2025-03-05,C0391,P0023,3,68.9,206.7,web
O001164,2025-03-16,C0203,P0024,1,80.92,80.92,marketplace
O001165,2025-03-20,C0377,P0031,3,185.77,557.31,marketplace
O001166,2025-03-09,C0398,P0025,1,80.43,80.43,mobile_app
O001167,2025-03-03,C0058,P0023,3,68.9,206.7,marketplace
O001168,2025-03-12,C0098,P0026,2,103.26,206.52,mobile_app
O001169,2025-03-01,C0395,P0035,3,88.64,265.92,mobile_app
O001170,2025-03-05,C0226,P0033,3,56.38,169.14,web
O001171,2025-03-07,C0351,P0027,1,133.51,133.51,mobile_app
O001172,2025-03-28,C0427,P0033,1,56.38,56.38,mobile_app
O001173,2025-03-24,C0276,P0028,1,164.31,164.31,web
O001174,2025-03-25,C0133,P0020,3,177.46,532.38,marketplace
O001175,2025-03-05,C0356,P0034,3,195.25,585.75,marketplace
O001176,2025-03-19,C0464,P0028,2,164.31,328.62,marketplace
O001177,2025-03-06,C0031,P0028,2,164.31,328.62,mobile_app
O001178,2025-03-20,C0139,P0023,3,68.9,206.7,web
O001179,2025-03-03,C0199,P0027,1,133.51,133.51,marketplace
O001180,2025-03-12,C0443,P0020,3,177.46,532.38,web
O001181,2025-03-11,C0249,P0035,1,88.64,88.64,marketplace
O001182,2025-03-07,C0257,P0025,1,80.43,80.43,mobile_app
O001183,2025-03-01,C0021,P0034,3,195.25,585.75,web
O001184,2025-03-11,C0251,P0026,2,103.26,206.52,mobile_app
O001185,2025-03-12,C0351,P0035,1,88.64,88.64,mobile_app
O001186,2025-03-08,C0257,P0019,2,247.59,495.18,mobile_app
O001187,2025-03-09,C0450,P0025,3,80.43,241.29,mobile_app
O001188,2025-03-18,C0486,P0021,1,209.01,209.01,mobile_app
O001189,2025-03-13,C0337,P0030,2,77.83,155.66,web
O001190,2025-03-08,C0214,P0029,3,34.61,103.83,web
O001191,2025-03-10,C0466,P0021,2,209.01,418.02,marketplace
O001192,2025-03-05,C0106,P0032,3,196.78,590.34,marketplace
O001193,2025-03-23,C0362,P0035,2,88.64,177.28,marketplace
O001194,2025-03-25,C0075,P0031,2,185.77,371.54,marketplace
O001195,2025-03-11,C0035,P0024,1,80.92,80.92,marketplace
O001196,2025-03-04,C0095,P0034,3,195.25,585.75,mobile_app
O001197,2025-03-24,C0016,P0022,1,35.22,35.22,mobile_app
O001198,2025-03-14,C0156,P0034,2,195.25,390.5,mobile_app
O001199,2025-03-24,C0141,P0026,3,103.26,309.78,web
O001200,2025-03-05,C0095,P0036,1,55.15,55.15,web
O001201,2025-03-20,C0137,P0033,3,56.38,169.14,marketplace
O001202,2025-03-20,C0119,P0019,1,247.59,247.59,web
O001203,2025-03-03,C0353,P0028,2,164.31,328.62,mobile_app
O001204,2025-03-16,C0071,P0025,2,80.43,160.86,web
O001205,2025-03-24,C0344,P0053,1,55.22,55.22,web
O001206,2025-03-06,C0475,P0041,1,24.12,24.12,mobile_app
O001207,2025-03-23,C0167,P0040,2,90.51,181.02,mobile_app
O001208,2025-03-13,C0398,P0054,2,81.88,163.76,web
O001209,2025-03-24,C0161,P0045,2,108.96,217.92,mobile_app
O001210,2025-03-19,C0305,P0043,3,112.18,336.54,marketplace
O001211,2025-03-26,C0020,P0051,3,61.99,185.97,marketplace
O001212,2025-03-27,C0450,P0047,2,74.73,149.46,web
O001213,2025-03-17,C0276,P0043,1,112.18,112.18,mobile_app
O001214,2025-03-18,C0199,P0047,1,74.73,74.73,marketplace
O001215,2025-03-07,C0150,P0046,1,17.04,17.04,mobile_app
O001216,2025-03-25,C0424,P0052,2,20.38,40.76,mobile_app
O001217,2025-03-10,C0314,P0052,2,20.38,40.76,web
O001218,2025-03-15,C0425,P0045,1,108.96,108.96,marketplace
O001219,2025-03-17,C0058,P0044,3,53.89,161.67,web
O001220,2025-03-18,C0070,P0040,3,90.51,271.53,mobile_app
O001221,2025-03-01,C0092,P0048,2,17.41,34.82,mobile_app
O001222,2025-03-07,C0452,P0054,3,81.88,245.64,mobile_app
O001223,2025-03-23,C0333,P0046,2,17.04,34.08,marketplace
O001224,2025-03-24,C0064,P0037,3,111.03,333.09,web
O001225,2025-03-21,C0186,P0045,2,108.96,217.92,web
O001226,2025-03-24,C0406,P0045,2,108.96,217.92,marketplace
O001227,2025-03-13,C0282,P0048,1,17.41,17.41,mobile_app
O001228,2025-03-06,C0445,P0039,1,16.37,16.37,web
O001229,2025-03-02,C0215,P0050,3,69.32,207.96,mobile_app
O001230,2025-03-10,C0321,P0047,2,74.73,149.46,web
O001231,2025-03-07,C0002,P0051,1,61.99,61.99,marketplace
O001232,2025-03-15,C0255,P0052,1,20.38,20.38,mobile_app
O001233,2025-03-20,C0452,P0049,1,66.56,66.56,mobile_app
O001234,2025-03-22,C0244,P0045,3,108.96,326.88,mobile_app
O001235,2025-03-20,C0308,P0051,1,61.99,61.99,web
O001236,2025-03-09,C0318,P0049,3,66.56,199.68,marketplace
O001237,2025-03-02,C0095,P0046,1,17.04,17.04,web
O001238,2025-03-02,C0075,P0053,2,55.22,110.44,web
O001239,2025-03-10,C0170,P0050,3,69.32,207.96,web
O001240,2025-03-22,C0355,P0053,3,55.22,165.66,marketplace
O001241,2025-03-06,C0495,P0037,3,111.03,333.09,mobile_app
O001242,2025-03-02,C0048,P0039,2,16.37,32.74,mobile_app
O001243,2025-03-27,C0035,P0052,2,20.38,40.76,mobile_app
O001244,2025-03-10,C0242,P0047,1,74.73,74.73,web
O001245,2025-03-11,C0270,P0045,2,108.96,217.92,mobile_app
O001246,2025-03-07,C0314,P0049,3,66.56,199.68,web
O001247,2025-03-21,C0271,P0053,3,55.22,165.66,web
O001248,2025-03-20,C0479,P0048,3,17.41,52.23,marketplace
O001249,2025-03-28,C0163,P0040,3,90.51,271.53,mobile_app
O001250,2025-03-12,C0475,P0054,3,81.88,245.64,web
O001251,2025-03-17,C0374,P0044,2,53.89,107.78,marketplace
O001252,2025-03-20,C0120,P0040,1,90.51,90.51,marketplace
O001253,2025-03-01,C0061,P0037,1,111.03,111.03,web
O001254,2025-03-24,C0435,P0051,1,61.99,61.99,web
O001255,2025-03-14,C0024,P0046,2,17.04,34.08,mobile_app
O001256,2025-03-07,C0006,P0041,3,24.12,72.36,marketplace
O001257,2025-03-09,C0405,P0039,2,16.37,32.74,web
O001258,2025-03-18,C0166,P0049,3,66.56,199.68,web
O001259,2025-03-11,C0203,P0046,2,17.04,34.08,marketplace
O001260,2025-03-27,C0090,P0044,1,53.89,53.89,web
O001261,2025-03-22,C0246,P0044,2,53.89,107.78,mobile_app
O001262,2025-03-05,C0247,P0046,3,17.04,51.12,web
O001263,2025-03-11,C0237,P0045,3,108.96,326.88,mobile_app
O001264,2025-03-27,C0267,P0038,1,22.31,22.31,mobile_app
O001265,2025-03-11,C0285,P0053,3,55.22,165.66,marketplace
O001266,2025-03-05,C0144,P0046,1,17.04,17.04,web
O001267,2025-03-21,C0274,P0048,2,17.41,34.82,web
O001268,2025-03-06,C0305,P0049,2,66.56,133.12,web
O001269,2025-03-23,C0440,P0043,2,112.18,224.36,mobile_app
O001270,2025-03-14,C0045,P0047,2,74.73,149.46,mobile_app
O001271,2025-03-15,C0425,P0045,2,108.96,217.92,mobile_app
O001272,2025-03-06,C0058,P0039,2,16.37,32.74,mobile_app
O001273,2025-03-03,C0228,P0048,1,17.41,17.41,marketplace
O001274,2025-03-24,C0448,P0038,2,22.31,44.62,marketplace
O001275,2025-03-05,C0394,P0042,2,39.16,78.32,web
O001276,2025-03-22,C0068,P0040,3,90.51,271.53,web
O001277,2025-03-13,C0366,P0038,2,22.31,44.62,marketplace
O001278,2025-03-02,C0352,P0038,2,22.31,44.62,marketplace
O001279,2025-03-15,C0456,P0052,2,20.38,40.76,web
O001280,2025-03-24,C0160,P0040,3,90.51,271.53,web
O001281,2025-03-21,C0457,P0053,2,55.22,110.44,web
O001282,2025-03-10,C0142,P0050,1,69.32,69.32,marketplace
O001283,2025-03-22,C0061,P0049,2,66.56,133.12,mobile_app
O001284,2025-03-04,C0008,P0040,2,90.51,181.02,marketplace
O001285,2025-03-07,C0278,P0040,1,90.51,90.51,mobile_app
O001286,2025-03-05,C0483,P0037,2,111.03,222.06,marketplace
O001287,2025-03-08,C0088,P0046,3,17.04,51.12,web
O001288,2025-03-18,C0228,P0050,2,69.32,138.64,web
O001289,2025-03-22,C0026,P0051,2,61.99,123.98,web
O001290,2025-03-14,C0201,P0049,1,66.56,66.56,web
O001291,2025-03-21,C0429,P0053,3,55.22,165.66,marketplace
O001292,2025-03-12,C0160,P0040,3,90.51,271.53,mobile_app
O001293,2025-03-25,C0344,P0037,3,111.03,333.09,marketplace
O001294,2025-03-19,C0068,P0039,2,16.37,32.74,web
O001295,2025-03-15,C0050,P0041,3,24.12,72.36,mobile_app
O001296,2025-03-23,C0393,P0037,3,111.03,333.09,mobile_app
O001297,2025-03-05,C0441,P0043,1,112.18,112.18,marketplace
O001298,2025-03-13,C0094,P0039,2,16.37,32.74,marketplace
O001299,2025-03-26,C0441,P0038,2,22.31,44.62,mobile_app
O001300,2025-03-03,C0244,P0051,1,61.99,61.99,web
O001301,2025-03-10,C0394,P0064,1,44.22,44.22,mobile_app
O001302,2025-03-17,C0053,P0059,1,41.91,41.91,mobile_app
O001303,2025-03-11,C0285,P0065,1,45.36,45.36,marketplace
O001304,2025-03-18,C0237,P0056,2,17.96,35.92,mobile_app
O001305,2025-03-20,C0125,P0068,1,34.15,34.15,marketplace
O001306,2025-03-13,C0034,P0056,2,17.96,35.92,mobile_app
O001307,2025-03-19,C0221,P0056,3,17.96,53.88,mobile_app
O001308,2025-03-18,C0356,P0068,2,34.15,68.3,web
O001309,2025-03-03,C0379,P0057,3,17.54,52.62,marketplace
O001310,2025-03-04,C0304,P0063,2,56.18,112.36,marketplace
O001311,2025-03-04,C0421,P0057,3,17.54,52.62,mobile_app
O001312,2025-03-03,C0307,P0071,2,14.23,28.46,web
O001313,2025-03-25,C0420,P0063,3,56.18,168.54,mobile_app
O001314,2025-03-22,C0032,P0055,3,45.87,137.61,web
O001315,2025-03-19,C0463,P0063,1,56.18,56.18,marketplace
O001316,2025-03-22,C0077,P0062,1,16.56,16.56,mobile_app
O001317,2025-03-20,C0296,P0057,2,17.54,35.08,mobile_app
O001318,2025-03-11,C0154,P0069,3,57.96,173.88,marketplace
O001319,2025-03-10,C0471,P0069,3,57.96,173.88,mobile_app
O001320,2025-03-03,C0299,P0064,2,44.22,88.44,web
O001321,2025-03-13,C0434,P0065,3,45.36,136.08,web
O001322,2025-03-12,C0462,P0056,1,17.96,17.96,marketplace
O001323,2025-03-23,C0287,P0055,1,45.87,45.87,mobile_app
O001324,2025-03-28,C0016,P0055,2,45.87,91.74,web
O001325,2025-03-13,C0321,P0058,3,50.02,150.06,mobile_app
O001326,2025-03-13,C0223,P0055,2,45.87,91.74,marketplace
O001327,2025-03-16,C0072,P0062,1,16.56,16.56,web
O001328,2025-03-27,C0214,P0064,2,44.22,88.44,web
O001329,2025-03-05,C0069,P0061,3,33.25,99.75,web
O001330,2025-03-05,C0370,P0067,1,46.89,46.89,mobile_app
O001331,2025-03-03,C0071,P0058,1,50.02,50.02,marketplace
O001332,2025-03-26,C0357,P0064,2,44.22,88.44,marketplace
O001333,2025-03-06,C0233,P0056,3,17.96,53.88,marketplace
O001334,2025-03-13,C0182,P0069,2,57.96,115.92,web
O001335,2025-03-01,C0296,P0062,3,16.56,49.68,mobile_app
O001336,2025-03-23,C0257,P0066,1,58.37,58.37,mobile_app
O001337,2025-03-19,C0188,P0055,3,45.87,137.61,web
O001338,2025-03-16,C0361,P0057,3,17.54,52.62,mobile_app
O001339,2025-03-23,C0041,P0057,2,17.54,35.08,web
O001340,2025-03-28,C0385,P0055,3,45.87,137.61,mobile_app
O001341,2025-03-17,C0456,P0057,1,17.54,17.54,marketplace
O001342,2025-03-21,C0380,P0058,2,50.02,100.04,marketplace
O001343,2025-03-22,C0325,P0056,1,17.96,17.96,marketplace
O001344,2025-03-20,C0028,P0060,2,56.17,112.34,mobile_app
O001345,2025-03-16,C0233,P0061,1,33.25,33.25,marketplace
O001346,2025-03-24,C0170,P0061,3,33.25,99.75,mobile_app
O001347,2025-03-10,C0086,P0061,2,33.25,66.5,web
O001348,2025-03-24,C0156,P0065,3,45.36,136.08,marketplace
O001349,2025-03-02,C0323,P0056,2,17.96,35.92,mobile_app
O001350,2025-03-02,C0337,P0072,3,38.91,116.73,mobile_app
O001351,2025-03-01,C0147,P0062,3,16.56,49.68,mobile_app
O001352,2025-03-03,C0436,P0069,3,57.96,173.88,mobile_app
O001353,2025-03-09,C0141,P0070,3,38.94,116.82,mobile_app
O001354,2025-03-22,C0229,P0060,1,56.17,56.17,mobile_app
O001355,2025-03-26,C0359,P0064,2,44.22,88.44,web
O001356,2025-03-28,C0017,P0068,3,34.15,102.45,mobile_app
O001357,2025-03-20,C0479,P0069,1,57.96,57.96,web
O001358,2025-03-25,C0197,P0064,2,44.22,88.44,web
O001359,2025-03-21,C0086,P0059,3,41.91,125.73,web
O001360,2025-03-02,C0329,P0062,2,16.56,33.12,mobile_app
O001361,2025-03-02,C0086,P0065,1,45.36,45.36,mobile_app
O001362,2025-03-16,C0383,P0056,2,17.96,35.92,marketplace
O001363,2025-03-23,C0200,P0058,3,50.02,150.06,mobile_app
O001364,2025-03-28,C0223,P0063,3,56.18,168.54,web
O001365,2025-03-13,C0348,P0067,2,46.89,93.78,mobile_app
O001366,2025-03-02,C0050,P0063,3,56.18,168.54,marketplace
O001367,2025-03-20,C0471,P0066,2,58.37,116.74,marketplace
O001368,2025-03-09,C0137,P0071,2,14.23,28.46,web
O001369,2025-03-13,C0237,P0065,3,45.36,136.08,marketplace
O001370,2025-03-22,C0302,P0056,3,17.96,53.88,web
O001371,2025-03-23,C0093,P0064,3,44.22,132.66,mobile_app
O001372,2025-03-01,C0426,P0068,3,34.15,102.45,web
O001373,2025-03-24,C0146,P0072,1,38.91,38.91,mobile_app
O001374,2025-03-20,C0048,P0062,1,16.56,16.56,web
O001375,2025-03-27,C0112,P0066,3,58.37,175.11,marketplace
O001376,2025-03-04,C0045,P0072,3,38.91,116.73,marketplace
O001377,2025-03-25,C0461,P0067,3,46.89,140.67,marketplace
O001378,2025-03-04,C0357,P0055,1,45.87,45.87,web
O001379,2025-03-22,C0480,P0056,2,17.96,35.92,web
O001380,2025-03-25,C0219,P0065,2,45.36,90.72,marketplace
O001381,2025-03-09,C0083,P0071,2,14.23,28.46,web
O001382,2025-03-13,C0199,P0056,1,17.96,17.96,mobile_app
O001383,2025-03-27,C0136,P0070,2,38.94,77.88,web
O001384,2025-03-07,C0313,P0058,2,50.02,100.04,mobile_app
O001385,2025-03-04,C0074,P0071,2,14.23,28.46,marketplace
O001386,2025-03-20,C0330,P0064,1,44.22,44.22,web
O001387,2025-03-09,C0053,P0058,3,50.02,150.06,web
O001388,2025-03-24,C0129,P0072,3,38.91,116.73,mobile_app
O001389,2025-03-13,C0137,P0068,3,34.15,102.45,web
O001390,2025-03-19,C0002,P0067,2,46.89,93.78,marketplace
O001391,2025-03-16,C0224,P0060,2,56.17,112.34,mobile_app
O001392,2025-03-18,C0116,P0058,1,50.02,50.02,web
O001393,2025-03-27,C0400,P0060,3,56.17,168.51,mobile_app
O001394,2025-03-12,C0171,P0070,3,38.94,116.82,marketplace
O001395,2025-03-21,C0491,P0057,1,17.54,17.54,marketplace
O001396,2025-03-28,C0492,P0069,3,57.96,173.88,mobile_app
O001397,2025-03-25,C0393,P0055,2,45.87,91.74,mobile_app
O001398,2025-03-18,C0021,P0056,1,17.96,17.96,mobile_app
O001399,2025-03-23,C0200,P0070,2,38.94,77.88,web
O001400,2025-03-03,C0454,P0083,2,50.7,101.4,marketplace
O001401,2025-03-05,C0019,P0073,1,93.8,93.8,web
O001402,2025-03-10,C0256,P0079,3,133.92,401.76,marketplace
O001403,2025-03-01,C0019,P0076,2,140.42,280.84,mobile_app
O001404,2025-03-17,C0235,P0080,3,36.3,108.9,marketplace
O001405,2025-03-05,C0380,P0088,3,60.03,180.09,marketplace
O001406,2025-03-02,C0377,P0087,1,100.63,100.63,web
O001407,2025-03-16,C0465,P0079,1,133.92,133.92,marketplace
O001408,2025-03-15,C0313,P0080,1,36.3,36.3,web
O001409,2025-03-27,C0419,P0083,1,50.7,50.7,web
O001410,2025-03-26,C0316,P0077,3,98.86,296.58,web
O001411,2025-03-13,C0167,P0087,3,100.63,301.89,web
O001412,2025-03-18,C0071,P0074,3,105.41,316.23,mobile_app
O001413,2025-03-25,C0024,P0088,1,60.03,60.03,marketplace
O001414,2025-03-04,C0141,P0075,1,32.67,32.67,web
O001415,2025-03-23,C0190,P0088,1,60.03,60.03,marketplace
O001416,2025-03-19,C0021,P0085,1,107.81,107.81,web
O001417,2025-03-20,C0193,P0089,3,115.07,345.21,web
O001418,2025-03-21,C0304,P0082,3,105.16,315.48,mobile_app
O001419,2025-03-23,C0065,P0080,2,36.3,72.6,web
O001420,2025-03-17,C0231,P0079,2,133.92,267.84,mobile_app
O001421,2025-03-20,C0355,P0078,1,87.58,87.58,web
O001422,2025-03-16,C0314,P0086,3,48.9,146.7,web
O001423,2025-03-12,C0215,P0079,2,133.92,267.84,web
O001424,2025-03-04,C0272,P0086,1,48.9,48.9,web
O001425,2025-03-17,C0113,P0089,3,115.07,345.21,mobile_app
O001426,2025-03-07,C0142,P0087,3,100.63,301.89,web
O001427,2025-03-22,C0433,P0073,1,93.8,93.8,mobile_app
O001428,2025-03-22,C0473,P0075,1,32.67,32.67,web
O001429,2025-03-26,C0456,P0082,3,105.16,315.48,mobile_app
O001430,2025-03-17,C0060,P0075,2,32.67,65.34,web
O001431,2025-03-15,C0304,P0075,3,32.67,98.01,marketplace
O001432,2025-03-24,C0347,P0077,1,98.86,98.86,mobile_app
O001433,2025-03-11,C0117,P0076,1,140.42,140.42,web
O001434,2025-03-28,C0103,P0083,2,50.7,101.4,mobile_app
O001435,2025-03-16,C0300,P0087,1,100.63,100.63,mobile_app
O001436,2025-03-13,C0192,P0084,1,51.77,51.77,web
O001437,2025-03-21,C0184,P0090,1,16.31,16.31,mobile_app
O001438,2025-03-02,C0355,P0089,1,115.07,115.07,marketplace
O001439,2025-03-25,C0176,P0090,1,16.31,16.31,web
O001440,2025-03-06,C0405,P0084,3,51.77,155.31,marketplace
O001441,2025-03-19,C0497,P0075,1,32.67,32.67,marketplace
O001442,2025-03-14,C0439,P0073,1,93.8,93.8,marketplace
O001443,2025-03-19,C0243,P0079,1,133.92,133.92,mobile_app
O001444,2025-03-14,C0377,P0077,3,98.86,296.58,web
O001445,2025-03-19,C0114,P0080,2,36.3,72.6,marketplace
O001446,2025-03-01,C0214,P0077,3,98.86,296.58,web
O001447,2025-03-13,C0246,P0087,3,100.63,301.89,marketplace
O001448,2025-03-16,C0124,P0081,2,147.82,295.64,web
O001449,2025-03-23,C0375,P0089,1,115.07,115.07,mobile_app
O001450,2025-03-12,C0152,P0082,1,105.16,105.16,web
O001451,2025-03-01,C0246,P0086,1,48.9,48.9,marketplace
O001452,2025-03-15,C0440,P0087,3,100.63,301.89,marketplace
O001453,2025-03-15,C0238,P0090,1,16.31,16.31,web
O001454,2025-03-06,C0405,P0086,2,48.9,97.8,mobile_app
O001455,2025-03-21,C0001,P0077,3,98.86,296.58,marketplace
O001456,2025-03-11,C0272,P0089,3,115.07,345.21,web
O001457,2025-03-23,C0485,P0090,2,16.31,32.62,marketplace
O001458,2025-03-26,C0351,P0074,1,105.41,105.41,web
O001459,2025-03-24,C0478,P0085,2,107.81,215.62,web
O001460,2025-03-12,C0455,P0088,3,60.03,180.09,web
O001461,2025-03-15,C0317,P0073,2,93.8,187.6,web
O001462,2025-03-21,C0287,P0076,1,140.42,140.42,marketplace
O001463,2025-03-25,C0105,P0074,3,105.41,316.23,web
O001464,2025-03-18,C0059,P0083,1,50.7,50.7,marketplace
O001465,2025-03-28,C0492,P0082,3,105.16,315.48,marketplace
O001466,2025-03-25,C0116,P0084,3,51.77,155.31,mobile_app
O001467,2025-03-17,C0349,P0073,2,93.8,187.6,mobile_app
O001468,2025-03-12,C0177,P0078,1,87.58,87.58,mobile_app
O001469,2025-03-27,C0063,P0073,3,93.8,281.4,mobile_app
O001470,2025-03-27,C0273,P0081,3,147.82,443.46,mobile_app
O001471,2025-03-26,C0345,P0073,2,93.8,187.6,marketplace
O001472,2025-03-07,C0457,P0081,1,147.82,147.82,mobile_app
O001473,2025-03-06,C0148,P0084,2,51.77,103.54,web
O001474,2025-03-04,C0357,P0089,2,115.07,230.14,web
O001475,2025-03-17,C0488,P0083,1,50.7,50.7,marketplace
O001476,2025-03-12,C0216,P0077,2,98.86,197.72,mobile_app
O001477,2025-03-10,C0097,P0073,1,93.8,93.8,web
O001478,2025-03-19,C0176,P0077,2,98.86,197.72,marketplace
O001479,2025-03-16,C0304,P0087,2,100.63,201.26,marketplace
O001480,2025-03-15,C0235,P0077,3,98.86,296.58,mobile_app
O001481,2025-03-06,C0405,P0088,2,60.03,120.06,mobile_app
O001482,2025-03-10,C0395,P0086,2,48.9,97.8,web
O001483,2025-03-15,C0490,P0089,2,115.07,230.14,web
O001484,2025-03-23,C0275,P0073,1,93.8,93.8,mobile_app
O001485,2025-03-27,C0363,P0087,1,100.63,100.63,marketplace
O001486,2025-03-06,C0122,P0088,1,60.03,60.03,web
O001487,2025-03-07,C0288,P0089,1,115.07,115.07,marketplace
O001488,2025-03-06,C0274,P0077,3,98.86,296.58,mobile_app
O001489,2025-03-13,C0477,P0081,1,147.82,147.82,mobile_app
O001490,2025-03-11,C0080,P0088,2,60.03,120.06,web
O001491,2025-03-17,C0170,P0076,3,140.42,421.26,marketplace
O001492,2025-03-25,C0294,P0099,2,28.83,57.66,marketplace
O001493,2025-03-24,C0465,P0097,3,11.2,33.6,mobile_app
O001494,2025-03-24,C0246,P0098,1,31.06,31.06,web
O001495,2025-03-04,C0158,P0097,3,11.2,33.6,web
O001496,2025-03-15,C0183,P0092,1,18.46,18.46,web
O001497,2025-03-21,C0100,P0097,3,11.2,33.6,marketplace
O001498,2025-03-07,C0012,P0108,2,23.58,47.16,web
O001499,2025-03-22,C0344,P0093,2,32.07,64.14,web
O001500,2025-03-07,C0252,P0094,2,8.98,17.96,mobile_app
O001501,2025-03-02,C0466,P0103,3,31.07,93.21,marketplace
O001502,2025-03-23,C0438,P0100,1,12.45,12.45,mobile_app
O001503,2025-03-01,C0146,P0101,2,14.85,29.7,mobile_app
O001504,2025-03-28,C0288,P0092,2,18.46,36.92,web
O001505,2025-03-24,C0213,P0104,2,24.6,49.2,mobile_app
O001506,2025-03-14,C0374,P0100,3,12.45,37.35,mobile_app
O001507,2025-03-20,C0045,P0104,3,24.6,73.8,web
O001508,2025-03-28,C0269,P0102,2,6.69,13.38,mobile_app
O001509,2025-03-25,C0193,P0106,3,22.84,68.52,web
O001510,2025-03-25,C0469,P0104,3,24.6,73.8,web
O001511,2025-03-10,C0284,P0099,2,28.83,57.66,mobile_app
O001512,2025-03-27,C0300,P0101,2,14.85,29.7,mobile_app
O001513,2025-03-15,C0115,P0095,3,27.73,83.19,web
O001514,2025-03-09,C0154,P0106,1,22.84,22.84,marketplace
O001515,2025-03-04,C0335,P0107,2,23.3,46.6,marketplace
O001516,2025-03-06,C0252,P0097,2,11.2,22.4,marketplace
O001517,2025-03-04,C0392,P0104,1,24.6,24.6,mobile_app
O001518,2025-03-20,C0382,P0092,1,18.46,18.46,mobile_app
O001519,2025-03-14,C0445,P0093,3,32.07,96.21,mobile_app
O001520,2025-03-23,C0419,P0102,2,6.69,13.38,web
O001521,2025-03-19,C0009,P0092,3,18.46,55.38,mobile_app
O001522,2025-03-05,C0164,P0098,1,31.06,31.06,mobile_app
O001523,2025-03-12,C0084,P0108,1,23.58,23.58,web
O001524,2025-03-21,C0467,P0093,2,32.07,64.14,mobile_app
O001525,2025-03-17,C0328,P0093,2,32.07,64.14,web
O001526,2025-03-06,C0392,P0105,3,33.24,99.72,web
O001527,2025-03-18,C0166,P0106,1,22.84,22.84,mobile_app
O001528,2025-03-26,C0155,P0099,3,28.83,86.49,mobile_app
O001529,2025-03-12,C0050,P0100,3,12.45,37.35,marketplace
O001530,2025-03-01,C0071,P0098,1,31.06,31.06,marketplace
O001531,2025-03-14,C0175,P0098,2,31.06,62.12,web
O001532,2025-03-17,C0114,P0095,1,27.73,27.73,web
O001533,2025-03-20,C0354,P0096,3,34.31,102.93,marketplace
O001534,2025-03-18,C0360,P0097,3,11.2,33.6,web
O001535,2025-03-04,C0420,P0099,1,28.83,28.83,web
O001536,2025-03-12,C0160,P0106,2,22.84,45.68,marketplace
O001537,2025-03-20,C0268,P0104,2,24.6,49.2,mobile_app
O001538,2025-03-01,C0382,P0099,2,28.83,57.66,web
O001539,2025-03-05,C0353,P0105,3,33.24,99.72,web
O001540,2025-03-05,C0041,P0093,1,32.07,32.07,mobile_app
O001541,2025-03-03,C0010,P0104,1,24.6,24.6,mobile_app
O001542,2025-03-07,C0056,P0092,1,18.46,18.46,web
O001543,2025-03-19,C0031,P0106,3,22.84,68.52,mobile_app
O001544,2025-03-02,C0034,P0097,2,11.2,22.4,mobile_app
O001545,2025-03-26,C0064,P0096,1,34.31,34.31,marketplace
O001546,2025-03-06,C0344,P0100,1,12.45,12.45,mobile_app
O001547,2025-03-28,C0383,P0098,1,31.06,31.06,mobile_app
O001548,2025-03-12,C0083,P0108,2,23.58,47.16,marketplace
O001549,2025-03-08,C0259,P0100,3,12.45,37.35,marketplace
O001550,2025-03-25,C0008,P0106,3,22.84,68.52,marketplace
O001551,2025-03-10,C0088,P0091,1,7.04,7.04,marketplace
O001552,2025-03-12,C0358,P0092,2,18.46,36.92,marketplace
O001553,2025-03-04,C0093,P0099,3,28.83,86.49,mobile_app
O001554,2025-03-07,C0264,P0103,2,31.07,62.14,web
O001555,2025-03-04,C0239,P0100,2,12.45,24.9,web
O001556,2025-03-25,C0185,P0108,2,23.58,47.16,marketplace
O001557,2025-03-02,C0043,P0107,3,23.3,69.9,mobile_app
O001558,2025-03-10,C0234,P0094,2,8.98,17.96,marketplace
O001559,2025-03-27,C0228,P0102,3,6.69,20.07,web
O001560,2025-03-28,C0220,P0106,2,22.84,45.68,web
O001561,2025-03-22,C0189,P0105,2,33.24,66.48,web
O001562,2025-03-22,C0044,P0091,3,7.04,21.12,web
O001563,2025-03-23,C0303,P0093,2,32.07,64.14,web
O001564,2025-03-03,C0187,P0092,1,18.46,18.46,web
O001565,2025-03-28,C0207,P0096,3,34.31,102.93,web
O001566,2025-03-24,C0256,P0108,2,23.58,47.16,mobile_app
O001567,2025-03-19,C0140,P0103,3,31.07,93.21,marketplace
O001568,2025-03-16,C0342,P0108,2,23.58,47.16,marketplace
O001569,2025-03-17,C0143,P0108,2,23.58,47.16,web
O001570,2025-03-04,C0129,P0103,1,31.07,31.07,mobile_app
O001571,2025-03-05,C0016,P0105,3,33.24,99.72,web
O001572,2025-03-16,C0348,P0108,1,23.58,23.58,web
O001573,2025-03-20,C0348,P0095,2,27.73,55.46,mobile_app
O001574,2025-03-20,C0050,P0099,3,28.83,86.49,web
O001575,2025-03-25,C0253,P0095,3,27.73,83.19,mobile_app
O001576,2025-03-16,C0252,P0099,3,28.83,86.49,marketplace
O001577,2025-03-26,C0441,P0096,2,34.31,68.62,marketplace
O001578,2025-03-14,C0451,P0102,1,6.69,6.69,web
O001579,2025-03-28,C0193,P0092,2,18.46,36.92,mobile_app
O001580,2025-03-06,C0286,P0103,1,31.07,31.07,marketplace
O001581,2025-03-23,C0085,P0108,2,23.58,47.16,mobile_app
O001582,2025-03-23,C0200,P0094,2,8.98,17.96,mobile_app
O001583,2025-03-22,C0252,P0096,3,34.31,102.93,marketplace
O001584,2025-03-19,C0241,P0096,3,34.31,102.93,mobile_app
O001585,2025-03-17,C0029,P0103,1,31.07,31.07,mobile_app
O001586,2025-03-13,C0316,P0093,3,32.07,96.21,marketplace
O001587,2025-03-11,C0032,P0100,2,12.45,24.9,web
O001588,2025-03-27,C0188,P0092,1,18.46,18.46,mobile_app
O001589,2025-03-01,C0392,P0096,3,34.31,102.93,marketplace
O001590,2025-03-14,C0177,P0095,1,27.73,27.73,mobile_app
O001591,2025-03-22,C0126,P0107,1,23.3,23.3,web
O001592,2025-04-03,C0467,P0003,3,59.29,177.87,marketplace
O001593,2025-04-02,C0236,P0010,2,75.53,151.06,marketplace
O001594,2025-04-17,C0462,P0010,3,75.53,226.59,mobile_app
O001595,2025-04-16,C0302,P0010,3,75.53,226.59,web
O001596,2025-04-19,C0200,P0008,2,86.79,173.58,mobile_app
O001597,2025-04-04,C0354,P0001,2,62.96,125.92,marketplace
O001598,2025-04-17,C0416,P0003,2,59.29,118.58,marketplace
O001599,2025-04-10,C0187,P0015,3,35.85,107.55,mobile_app
O001600,2025-04-02,C0153,P0016,2,42.76,85.52,marketplace
O001601,2025-04-20,C0381,P0005,1,68.7,68.7,web
O001602,2025-04-04,C0304,P0018,3,69.68,209.04,mobile_app
O001603,2025-04-26,C0272,P0007,3,67.36,202.08,mobile_app
O001604,2025-04-26,C0040,P0017,2,63.6,127.2,marketplace
O001605,2025-04-26,C0154,P0004,3,32.45,97.35,mobile_app
O001606,2025-04-07,C0213,P0003,2,59.29,118.58,mobile_app
O001607,2025-04-15,C0344,P0005,3,68.7,206.1,marketplace
O001608,2025-04-16,C0110,P0015,3,35.85,107.55,marketplace
O001609,2025-04-15,C0138,P0016,3,42.76,128.28,marketplace
O001610,2025-04-28,C0394,P0003,3,59.29,177.87,mobile_app
O001611,2025-04-21,C0031,P0003,3,59.29,177.87,marketplace
O001612,2025-04-28,C0223,P0006,2,48.69,97.38,mobile_app
O001613,2025-04-21,C0105,P0013,1,29.42,29.42,mobile_app
O001614,2025-04-21,C0083,P0002,2,31.74,63.48,mobile_app
O001615,2025-04-13,C0123,P0018,1,69.68,69.68,web
O001616,2025-04-18,C0224,P0003,2,59.29,118.58,mobile_app
O001617,2025-04-07,C0082,P0011,1,87.98,87.98,mobile_app
O001618,2025-04-21,C0437,P0013,1,29.42,29.42,web
O001619,2025-04-26,C0011,P0001,2,62.96,125.92,web
O001620,2025-04-11,C0309,P0010,1,75.53,75.53,mobile_app
O001621,2025-04-12,C0344,P0005,2,68.7,137.4,marketplace
O001622,2025-04-27,C0371,P0008,2,86.79,173.58,web
O001623,2025-04-24,C0257,P0003,3,59.29,177.87,web
O001624,2025-04-25,C0477,P0008,3,86.79,260.37,marketplace
O001625,2025-04-08,C0308,P0014,1,88.89,88.89,web
O001626,2025-04-11,C0427,P0013,2,29.42,58.84,marketplace
O001627,2025-04-24,C0121,P0001,3,62.96,188.88,mobile_app
O001628,2025-04-06,C0110,P0013,1,29.42,29.42,mobile_app
O001629,2025-04-28,C0302,P0009,2,22.25,44.5,web
O001630,2025-04-23,C0486,P0011,2,87.98,175.96,web
O001631,2025-04-16,C0350,P0017,2,63.6,127.2,web
O001632,2025-04-12,C0244,P0003,1,59.29,59.29,marketplace
O001633,2025-04-01,C0331,P0014,2,88.89,177.78,marketplace
O001634,2025-04-18,C0197,P0007,2,67.36,134.72,mobile_app
O001635,2025-04-12,C0463,P0008,3,86.79,260.37,marketplace
O001636,2025-04-10,C0047,P0010,2,75.53,151.06,web
O001637,2025-04-15,C0324,P0012,1,77.21,77.21,mobile_app
O001638,2025-04-14,C0405,P0006,3,48.69,146.07,web
O001639,2025-04-27,C0400,P0012,1,77.21,77.21,mobile_app
O001640,2025-04-27,C0171,P0011,2,87.98,175.96,marketplace
O001641,2025-04-27,C0083,P0007,1,67.36,67.36,marketplace
O001642,2025-04-12,C0216,P0016,1,42.76,42.76,marketplace
O001643,2025-04-24,C0168,P0007,3,67.36,202.08,mobile_app
O001644,2025-04-21,C0329,P0015,1,35.85,35.85,web
O001645,2025-04-05,C0002,P0011,3,87.98,263.94,mobile_app
O001646,2025-04-17,C0366,P0015,1,35.85,35.85,marketplace
O001647,2025-04-22,C0211,P0016,3,42.76,128.28,mobile_app
O001648,2025-04-05,C0134,P0016,3,42.76,128.28,web
O001649,2025-04-26,C0145,P0013,2,29.42,58.84,web
O001650,2025-04-01,C0486,P0006,1,48.69,48.69,web
O001651,2025-04-20,C0321,P0003,3,59.29,177.87,web
O001652,2025-04-07,C0135,P0016,2,42.76,85.52,marketplace
O001653,2025-04-13,C0317,P0017,1,63.6,63.6,mobile_app
O001654,2025-04-03,C0491,P0009,1,22.25,22.25,mobile_app
O001655,2025-04-27,C0345,P0006,2,48.69,97.38,mobile_app
O001656,2025-04-24,C0254,P0012,2,77.21,154.42,mobile_app
O001657,2025-04-22,C0097,P0009,3,22.25,66.75,mobile_app
O001658,2025-04-15,C0465,P0013,3,29.42,88.26,web
O001659,2025-04-21,C0235,P0006,3,48.69,146.07,web
O001660,2025-04-07,C0366,P0005,3,68.7,206.1,mobile_app
O001661,2025-04-20,C0132,P0004,3,32.45,97.35,web
O001662,2025-04-20,C0481,P0003,2,59.29,118.58,marketplace
O001663,2025-04-23,C0384,P0016,3,42.76,128.28,web
O001664,2025-04-12,C0068,P0018,3,69.68,209.04,marketplace
O001665,2025-04-05,C0046,P0009,2,22.25,44.5,mobile_app
O001666,2025-04-05,C0134,P0009,2,22.25,44.5,web
O001667,2025-04-16,C0447,P0018,1,69.68,69.68,mobile_app
O001668,2025-04-10,C0463,P0017,2,63.6,127.2,mobile_app
O001669,2025-04-17,C0161,P0003,2,59.29,118.58,mobile_app
O001670,2025-04-24,C0252,P0012,2,77.21,154.42,web
O001671,2025-04-21,C0409,P0014,3,88.89,266.67,mobile_app
O001672,2025-04-06,C0362,P0007,2,67.36,134.72,mobile_app
O001673,2025-04-02,C0227,P0001,2,62.96,125.92,mobile_app
O001674,2025-04-16,C0235,P0004,3,32.45,97.35,mobile_app
O001675,2025-04-27,C0087,P0017,1,63.6,63.6,marketplace
O001676,2025-04-19,C0457,P0006,2,48.69,97.38,marketplace
O001677,2025-04-01,C0270,P0017,3,63.6,190.8,marketplace
O001678,2025-04-01,C0146,P0010,2,75.53,151.06,marketplace
O001679,2025-04-13,C0192,P0010,1,75.53,75.53,marketplace
O001680,2025-04-27,C0166,P0014,1,88.89,88.89,web
O001681,2025-04-20,C0337,P0032,2,196.78,393.56,web
O001682,2025-04-21,C0319,P0028,1,164.31,164.31,mobile_app
O001683,2025-04-24,C0465,P0023,3,68.9,206.7,marketplace
O001684,2025-04-03,C0281,P0031,3,185.77,557.31,marketplace
O001685,2025-04-09,C0092,P0028,2,164.31,328.62,web
O001686,2025-04-03,C0011,P0019,2,247.59,495.18,web
O001687,2025-04-04,C0153,P0028,1,164.31,164.31,mobile_app
O001688,2025-04-26,C0472,P0033,3,56.38,169.14,mobile_app
O001689,2025-04-05,C0184,P0022,3,35.22,105.66,marketplace
O001690,2025-04-09,C0289,P0027,2,133.51,267.02,marketplace
O001691,2025-04-26,C0189,P0032,2,196.78,393.56,marketplace
O001692,2025-04-08,C0332,P0028,3,164.31,492.93,marketplace
O001693,2025-04-17,C0323,P0027,2,133.51,267.02,marketplace
O001694,2025-04-15,C0224,P0022,2,35.22,70.44,web
O001695,2025-04-10,C0077,P0031,2,185.77,371.54,web
O001696,2025-04-27,C0128,P0034,2,195.25,390.5,marketplace
O001697,2025-04-02,C0283,P0029,3,34.61,103.83,web
O001698,2025-04-04,C0262,P0034,3,195.25,585.75,mobile_app
O001699,2025-04-22,C0369,P0023,2,68.9,137.8,marketplace
O001700,2025-04-09,C0300,P0024,2,80.92,161.84,web
O001701,2025-04-04,C0380,P0029,1,34.61,34.61,marketplace
O001702,2025-04-27,C0202,P0019,1,247.59,247.59,web
O001703,2025-04-20,C0414,P0034,2,195.25,390.5,mobile_app
O001704,2025-04-07,C0095,P0029,1,34.61,34.61,web
O001705,2025-04-09,C0447,P0030,3,77.83,233.49,marketplace
O001706,2025-04-21,C0245,P0032,1,196.78,196.78,mobile_app
O001707,2025-04-24,C0309,P0021,3,209.01,627.03,marketplace
O001708,2025-04-27,C0499,P0036,3,55.15,165.45,marketplace
O001709,2025-04-23,C0346,P0029,3,34.61,103.83,mobile_app
O001710,2025-04-05,C0070,P0031,1,185.77,185.77,web
O001711,2025-04-16,C0333,P0024,1,80.92,80.92,web
O001712,2025-04-27,C0321,P0032,2,196.78,393.56,marketplace
O001713,2025-04-04,C0086,P0034,1,195.25,195.25,web
O001714,2025-04-16,C0242,P0019,2,247.59,495.18,web
O001715,2025-04-08,C0104,P0031,3,185.77,557.31,mobile_app
O001716,2025-04-02,C0171,P0021,2,209.01,418.02,web
O001717,2025-04-20,C0375,P0028,3,164.31,492.93,marketplace
O001718,2025-04-16,C0205,P0030,1,77.83,77.83,mobile_app
O001719,2025-04-20,C0479,P0023,3,68.9,206.7,marketplace
O001720,2025-04-08,C0366,P0031,2,185.77,371.54,web
O001721,2025-04-19,C0162,P0029,2,34.61,69.22,marketplace
O001722,2025-04-12,C0230,P0036,3,55.15,165.45,marketplace
O001723,2025-04-10,C0372,P0025,1,80.43,80.43,web
O001724,2025-04-08,C0260,P0036,2,55.15,110.3,web
O001725,2025-04-11,C0472,P0036,3,55.15,165.45,marketplace
O001726,2025-04-22,C0240,P0025,3,80.43,241.29,web
O001727,2025-04-23,C0200,P0022,3,35.22,105.66,mobile_app
O001728,2025-04-21,C0377,P0019,3,247.59,742.77,mobile_app
O001729,2025-04-20,C0107,P0025,1,80.43,80.43,mobile_app
O001730,2025-04-22,C0248,P0023,1,68.9,68.9,web
O001731,2025-04-10,C0121,P0034,2,195.25,390.5,web
O001732,2025-04-12,C0452,P0029,1,34.61,34.61,mobile_app
O001733,2025-04-06,C0424,P0029,1,34.61,34.61,marketplace
O001734,2025-04-18,C0115,P0019,1,247.59,247.59,mobile_app
O001735,2025-04-26,C0182,P0034,2,195.25,390.5,web
O001736,2025-04-09,C0459,P0024,3,80.92,242.76,web
O001737,2025-04-20,C0343,P0029,3,34.61,103.83,web
O001738,2025-04-26,C0235,P0030,2,77.83,155.66,web
O001739,2025-04-20,C0401,P0036,3,55.15,165.45,web
O001740,2025-04-17,C0054,P0027,1,133.51,133.51,web
O001741,2025-04-12,C0081,P0029,1,34.61,34.61,marketplace
O001742,2025-04-25,C0260,P0020,2,177.46,354.92,mobile_app
O001743,2025-04-05,C0332,P0023,1,68.9,68.9,mobile_app
O001744,2025-04-04,C0435,P0033,1,56.38,56.38,web
O001745,2025-04-25,C0394,P0028,2,164.31,328.62,web
O001746,2025-04-11,C0147,P0028,2,164.31,328.62,marketplace
O001747,2025-04-22,C0126,P0023,3,68.9,206.7,web
O001748,2025-04-14,C0404,P0034,3,195.25,585.75,web
O001749,2025-04-26,C0350,P0019,3,247.59,742.77,mobile_app
O001750,2025-04-05,C0395,P0020,2,177.46,354.92,web
O001751,2025-04-03,C0044,P0032,3,196.78,590.34,mobile_app
O001752,2025-04-14,C0032,P0019,1,247.59,247.59,mobile_app
O001753,2025-04-21,C0078,P0025,3,80.43,241.29,marketplace
O001754,2025-04-18,C0448,P0031,3,185.77,557.31,mobile_app
O001755,2025-04-12,C0005,P0027,2,133.51,267.02,mobile_app
O001756,2025-04-05,C0359,P0029,3,34.61,103.83,mobile_app
O001757,2025-04-18,C0320,P0020,1,177.46,177.46,marketplace
O001758,2025-04-12,C0455,P0024,3,80.92,242.76,marketplace
O001759,2025-04-10,C0044,P0024,1,80.92,80.92,web
O001760,2025-04-24,C0369,P0026,2,103.26,206.52,marketplace
O001761,2025-04-18,C0146,P0020,3,177.46,532.38,web
O001762,2025-04-01,C0015,P0032,1,196.78,196.78,marketplace
O001763,2025-04-27,C0397,P0027,1,133.51,133.51,mobile_app
O001764,2025-04-04,C0375,P0029,3,34.61,103.83,web
O001765,2025-04-21,C0260,P0023,2,68.9,137.8,mobile_app
O001766,2025-04-11,C0121,P0024,2,80.92,161.84,marketplace
O001767,2025-04-23,C0458,P0021,3,209.01,627.03,marketplace
O001768,2025-04-08,C0180,P0020,3,177.46,532.38,mobile_app
O001769,2025-04-19,C0345,P0033,3,56.38,169.14,web
O001770,2025-04-24,C0127,P0020,3,177.46,532.38,web
O001771,2025-04-07,C0422,P0025,3,80.43,241.29,mobile_app
O001772,2025-04-23,C0218,P0036,1,55.15,55.15,mobile_app
O001773,2025-04-03,C0190,P0019,2,247.59,495.18,marketplace
O001774,2025-04-18,C0266,P0026,3,103.26,309.78,mobile_app
O001775,2025-04-16,C0326,P0028,3,164.31,492.93,mobile_app
O001776,2025-04-16,C0375,P0036,3,55.15,165.45,mobile_app
O001777,2025-04-17,C0066,P0036,1,55.15,55.15,mobile_app
O001778,2025-04-23,C0263,P0031,1,185.77,185.77,marketplace
O001779,2025-04-12,C0472,P0028,3,164.31,492.93,web
O001780,2025-04-04,C0062,P0024,2,80.92,161.84,mobile_app
O001781,2025-04-17,C0079,P0022,1,35.22,35.22,web
O001782,2025-04-10,C0151,P0031,2,185.77,371.54,mobile_app
O001783,2025-04-10,C0111,P0035,2,88.64,177.28,web
O001784,2025-04-01,C0063,P0026,2,103.26,206.52,marketplace
O001785,2025-04-14,C0247,P0024,1,80.92,80.92,marketplace
O001786,2025-04-11,C0401,P0034,2,195.25,390.5,mobile_app
O001787,2025-04-27,C0311,P0030,3,77.83,233.49,web
O001788,2025-04-21,C0236,P0024,3,80.92,242.76,mobile_app
O001789,2025-04-28,C0373,P0029,1,34.61,34.61,mobile_app
O001790,2025-04-02,C0491,P0036,3,55.15,165.45,marketplace
O001791,2025-04-03,C0444,P0050,3,69.32,207.96,web
O001792,2025-04-21,C0408,P0041,3,24.12,72.36,marketplace
O001793,2025-04-04,C0330,P0044,3,53.89,161.67,marketplace
O001794,2025-04-18,C0296,P0054,3,81.88,245.64,web
O001795,2025-04-07,C0385,P0041,3,24.12,72.36,mobile_app
O001796,2025-04-04,C0338,P0043,1,112.18,112.18,marketplace
O001797,2025-04-09,C0403,P0043,1,112.18,112.18,web
O001798,2025-04-27,C0455,P0037,3,111.03,333.09,marketplace
O001799,2025-04-20,C0165,P0037,3,111.03,333.09,mobile_app
O001800,2025-04-28,C0479,P0054,2,81.88,163.76,web
O001801,2025-04-14,C0013,P0037,1,111.03,111.03,marketplace
O001802,2025-04-03,C0059,P0041,2,24.12,48.24,web
O001803,2025-04-05,C0094,P0038,2,22.31,44.62,mobile_app
O001804,2025-04-10,C0488,P0048,1,17.41,17.41,mobile_app
O001805,2025-04-20,C0493,P0054,1,81.88,81.88,mobile_app
O001806,2025-04-02,C0153,P0047,3,74.73,224.19,mobile_app
O001807,2025-04-14,C0458,P0053,1,55.22,55.22,mobile_app
O001808,2025-04-02,C0104,P0054,1,81.88,81.88,web
O001809,2025-04-08,C0253,P0042,3,39.16,117.48,marketplace
O001810,2025-04-04,C0138,P0049,2,66.56,133.12,web
O001811,2025-04-14,C0034,P0040,3,90.51,271.53,mobile_app
O001812,2025-04-22,C0052,P0050,3,69.32,207.96,web
O001813,2025-04-26,C0065,P0039,3,16.37,49.11,mobile_app
O001814,2025-04-03,C0434,P0044,2,53.89,107.78,marketplace
O001815,2025-04-12,C0277,P0050,1,69.32,69.32,web
O001816,2025-04-14,C0493,P0045,3,108.96,326.88,marketplace
O001817,2025-04-27,C0238,P0046,1,17.04,17.04,marketplace
O001818,2025-04-01,C0031,P0052,1,20.38,20.38,mobile_app
O001819,2025-04-27,C0349,P0049,2,66.56,133.12,mobile_app
O001820,2025-04-07,C0300,P0042,3,39.16,117.48,marketplace
O001821,2025-04-24,C0274,P0046,1,17.04,17.04,marketplace
O001822,2025-04-13,C0358,P0037,1,111.03,111.03,web
O001823,2025-04-18,C0144,P0040,3,90.51,271.53,mobile_app
O001824,2025-04-26,C0163,P0054,3,81.88,245.64,marketplace
O001825,2025-04-09,C0386,P0042,3,39.16,117.48,marketplace
O001826,2025-04-22,C0165,P0039,1,16.37,16.37,mobile_app
O001827,2025-04-11,C0009,P0042,3,39.16,117.48,marketplace
O001828,2025-04-20,C0244,P0047,1,74.73,74.73,web
O001829,2025-04-06,C0212,P0052,3,20.38,61.14,marketplace
O001830,2025-04-16,C0391,P0049,3,66.56,199.68,mobile_app
O001831,2025-04-21,C0040,P0045,3,108.96,326.88,marketplace
O001832,2025-04-12,C0199,P0048,3,17.41,52.23,web
O001833,2025-04-01,C0064,P0049,3,66.56,199.68,mobile_app
O001834,2025-04-15,C0005,P0046,1,17.04,17.04,web
O001835,2025-04-22,C0472,P0054,2,81.88,163.76,marketplace
O001836,2025-04-27,C0315,P0053,1,55.22,55.22,marketplace
O001837,2025-04-08,C0120,P0049,3,66.56,199.68,mobile_app
O001838,2025-04-09,C0253,P0049,1,66.56,66.56,marketplace
O001839,2025-04-01,C0101,P0054,1,81.88,81.88,marketplace
O001840,2025-04-19,C0257,P0040,2,90.51,181.02,mobile_app
O001841,2025-04-22,C0379,P0043,1,112.18,112.18,marketplace
O001842,2025-04-19,C0090,P0050,3,69.32,207.96,web
O001843,2025-04-03,C0066,P0047,3,74.73,224.19,mobile_app
O001844,2025-04-17,C0374,P0040,1,90.51,90.51,mobile_app
O001845,2025-04-01,C0497,P0048,3,17.41,52.23,marketplace
O001846,2025-04-09,C0349,P0049,3,66.56,199.68,marketplace
O001847,2025-04-14,C0329,P0037,1,111.03,111.03,marketplace
O001848,2025-04-28,C0481,P0040,1,90.51,90.51,mobile_app
O001849,2025-04-09,C0063,P0047,2,74.73,149.46,marketplace
O001850,2025-04-12,C0265,P0052,2,20.38,40.76,web
O001851,2025-04-02,C0143,P0040,1,90.51,90.51,mobile_app
O001852,2025-04-01,C0201,P0054,2,81.88,163.76,web
O001853,2025-04-26,C0013,P0052,3,20.38,61.14,marketplace
O001854,2025-04-14,C0491,P0041,3,24.12,72.36,web
O001855,2025-04-06,C0169,P0045,1,108.96,108.96,mobile_app
O001856,2025-04-04,C0015,P0049,3,66.56,199.68,mobile_app
O001857,2025-04-19,C0409,P0046,1,17.04,17.04,marketplace
O001858,2025-04-08,C0056,P0045,2,108.96,217.92,mobile_app
O001859,2025-04-27,C0028,P0041,2,24.12,48.24,mobile_app
O001860,2025-04-03,C0398,P0041,1,24.12,24.12,marketplace
O001861,2025-04-21,C0229,P0047,1,74.73,74.73,marketplace
O001862,2025-04-02,C0194,P0049,1,66.56,66.56,mobile_app
O001863,2025-04-03,C0401,P0042,3,39.16,117.48,web
O001864,2025-04-02,C0155,P0041,2,24.12,48.24,marketplace
O001865,2025-04-04,C0347,P0053,1,55.22,55.22,web
O001866,2025-04-28,C0196,P0054,2,81.88,163.76,mobile_app
O001867,2025-04-08,C0443,P0054,2,81.88,163.76,marketplace
O001868,2025-04-01,C0233,P0054,3,81.88,245.64,mobile_app
O001869,2025-04-20,C0318,P0042,2,39.16,78.32,web
O001870,2025-04-26,C0014,P0053,3,55.22,165.66,mobile_app
O001871,2025-04-07,C0056,P0051,3,61.99,185.97,web
O001872,2025-04-21,C0261,P0043,1,112.18,112.18,mobile_app
O001873,2025-04-24,C0318,P0047,2,74.73,149.46,mobile_app
O001874,2025-04-26,C0023,P0052,1,20.38,20.38,web
O001875,2025-04-14,C0263,P0041,3,24.12,72.36,marketplace
O001876,2025-04-19,C0454,P0037,2,111.03,222.06,marketplace
O001877,2025-04-16,C0159,P0040,1,90.51,90.51,marketplace
O001878,2025-04-17,C0301,P0064,1,44.22,44.22,marketplace
O001879,2025-04-08,C0260,P0063,1,56.18,56.18,marketplace
O001880,2025-04-12,C0101,P0068,2,34.15,68.3,web
O001881,2025-04-26,C0036,P0057,1,17.54,17.54,mobile_app
O001882,2025-04-23,C0355,P0070,2,38.94,77.88,mobile_app
O001883,2025-04-28,C0297,P0069,2,57.96,115.92,marketplace
O001884,2025-04-10,C0215,P0071,3,14.23,42.69,mobile_app
O001885,2025-04-26,C0467,P0060,2,56.17,112.34,web
O001886,2025-04-21,C0115,P0057,1,17.54,17.54,marketplace
O001887,2025-04-07,C0123,P0069,3,57.96,173.88,mobile_app
O001888,2025-04-26,C0379,P0065,2,45.36,90.72,mobile_app
O001889,2025-04-27,C0004,P0062,1,16.56,16.56,mobile_app
O001890,2025-04-07,C0324,P0072,2,38.91,77.82,marketplace
O001891,2025-04-02,C0500,P0058,2,50.02,100.04,web
O001892,2025-04-06,C0113,P0063,2,56.18,112.36,mobile_app
O001893,2025-04-28,C0284,P0071,2,14.23,28.46,web
O001894,2025-04-06,C0432,P0058,1,50.02,50.02,mobile_app
O001895,2025-04-27,C0347,P0058,1,50.02,50.02,web
O001896,2025-04-11,C0480,P0058,1,50.02,50.02,web
O001897,2025-04-12,C0415,P0067,1,46.89,46.89,mobile_app
O001898,2025-04-26,C0320,P0071,3,14.23,42.69,mobile_app
O001899,2025-04-04,C0074,P0056,1,17.96,17.96,web
O001900,2025-04-18,C0194,P0062,1,16.56,16.56,marketplace
O001901,2025-04-14,C0326,P0062,3,16.56,49.68,web
O001902,2025-04-19,C0097,P0064,3,44.22,132.66,marketplace
O001903,2025-04-11,C0127,P0066,1,58.37,58.37,web
O001904,2025-04-28,C0065,P0068,2,34.15,68.3,marketplace
O001905,2025-04-07,C0373,P0069,2,57.96,115.92,web
O001906,2025-04-20,C0034,P0061,3,33.25,99.75,web
O001907,2025-04-25,C0261,P0065,3,45.36,136.08,mobile_app
O001908,2025-04-06,C0165,P0071,2,14.23,28.46,marketplace
O001909,2025-04-16,C0367,P0065,3,45.36,136.08,mobile_app
O001910,2025-04-13,C0327,P0066,3,58.37,175.11,marketplace
O001911,2025-04-08,C0459,P0055,1,45.87,45.87,web
O001912,2025-04-13,C0112,P0055,1,45.87,45.87,mobile_app
O001913,2025-04-19,C0081,P0055,2,45.87,91.74,mobile_app
O001914,2025-04-05,C0385,P0055,1,45.87,45.87,web
O001915,2025-04-12,C0118,P0072,3,38.91,116.73,marketplace
O001916,2025-04-14,C0189,P0071,2,14.23,28.46,mobile_app
O001917,2025-04-01,C0092,P0062,2,16.56,33.12,mobile_app
O001918,2025-04-03,C0184,P0057,3,17.54,52.62,web
O001919,2025-04-17,C0280,P0055,3,45.87,137.61,marketplace
O001920,2025-04-08,C0051,P0060,2,56.17,112.34,web
O001921,2025-04-18,C0103,P0072,1,38.91,38.91,mobile_app
O001922,2025-04-09,C0155,P0065,2,45.36,90.72,marketplace
O001923,2025-04-28,C0141,P0055,3,45.87,137.61,web
O001924,2025-04-28,C0386,P0064,1,44.22,44.22,marketplace
O001925,2025-04-01,C0395,P0059,2,41.91,83.82,mobile_app
O001926,2025-04-26,C0207,P0056,2,17.96,35.92,mobile_app
O001927,2025-04-01,C0242,P0063,3,56.18,168.54,marketplace
O001928,2025-04-28,C0204,P0068,1,34.15,34.15,web
O001929,2025-04-07,C0243,P0062,3,16.56,49.68,web
O001930,2025-04-25,C0240,P0064,3,44.22,132.66,marketplace
O001931,2025-04-26,C0044,P0060,2,56.17,112.34,mobile_app
O001932,2025-04-25,C0483,P0063,2,56.18,112.36,marketplace
O001933,2025-04-15,C0437,P0057,2,17.54,35.08,marketplace
O001934,2025-04-16,C0415,P0063,1,56.18,56.18,marketplace
O001935,2025-04-08,C0215,P0057,2,17.54,35.08,mobile_app
O001936,2025-04-25,C0399,P0066,2,58.37,116.74,marketplace
O001937,2025-04-19,C0012,P0070,2,38.94,77.88,marketplace
O001938,2025-04-05,C0488,P0057,1,17.54,17.54,mobile_app
O001939,2025-04-20,C0294,P0064,3,44.22,132.66,mobile_app
O001940,2025-04-13,C0033,P0061,1,33.25,33.25,marketplace
O001941,2025-04-04,C0169,P0071,2,14.23,28.46,marketplace
O001942,2025-04-10,C0048,P0063,3,56.18,168.54,web
O001943,2025-04-06,C0017,P0058,3,50.02,150.06,marketplace
O001944,2025-04-06,C0102,P0057,1,17.54,17.54,web
O001945,2025-04-10,C0106,P0069,2,57.96,115.92,web
O001946,2025-04-03,C0233,P0072,3,38.91,116.73,web
O001947,2025-04-06,C0168,P0072,1,38.91,38.91,mobile_app
O001948,2025-04-05,C0275,P0057,1,17.54,17.54,mobile_app
O001949,2025-04-13,C0490,P0059,1,41.91,41.91,web
O001950,2025-04-10,C0222,P0056,1,17.96,17.96,marketplace
O001951,2025-04-20,C0295,P0065,1,45.36,45.36,mobile_app
O001952,2025-04-23,C0351,P0055,3,45.87,137.61,mobile_app
O001953,2025-04-05,C0229,P0071,1,14.23,14.23,web
O001954,2025-04-26,C0127,P0058,3,50.02,150.06,marketplace
O001955,2025-04-16,C0236,P0058,3,50.02,150.06,mobile_app
O001956,2025-04-03,C0148,P0062,3,16.56,49.68,marketplace
O001957,2025-04-12,C0359,P0058,2,50.02,100.04,marketplace
O001958,2025-04-20,C0422,P0063,2,56.18,112.36,web
O001959,2025-04-20,C0376,P0056,1,17.96,17.96,mobile_app
O001960,2025-04-06,C0358,P0055,3,45.87,137.61,marketplace
O001961,2025-04-02,C0123,P0060,3,56.17,168.51,web
O001962,2025-04-18,C0150,P0068,3,34.15,102.45,marketplace
O001963,2025-04-24,C0370,P0059,3,41.91,125.73,web
O001964,2025-04-25,C0284,P0070,2,38.94,77.88,web
O001965,2025-04-25,C0054,P0064,1,44.22,44.22,marketplace
O001966,2025-04-14,C0231,P0064,2,44.22,88.44,web
O001967,2025-04-02,C0237,P0055,3,45.87,137.61,web
O001968,2025-04-22,C0384,P0063,3,56.18,168.54,mobile_app
O001969,2025-04-13,C0439,P0060,3,56.17,168.51,web
O001970,2025-04-09,C0059,P0067,1,46.89,46.89,marketplace
O001971,2025-04-24,C0238,P0085,3,107.81,323.43,mobile_app
O001972,2025-04-18,C0337,P0078,1,87.58,87.58,web
O001973,2025-04-05,C0242,P0081,2,147.82,295.64,mobile_app
O001974,2025-04-27,C0010,P0085,1,107.81,107.81,marketplace
O001975,2025-04-04,C0274,P0073,2,93.8,187.6,marketplace
O001976,2025-04-22,C0391,P0075,1,32.67,32.67,web
O001977,2025-04-15,C0184,P0083,1,50.7,50.7,web
O001978,2025-04-22,C0273,P0090,1,16.31,16.31,web
O001979,2025-04-27,C0326,P0087,1,100.63,100.63,marketplace
O001980,2025-04-22,C0460,P0078,3,87.58,262.74,web
O001981,2025-04-15,C0027,P0076,2,140.42,280.84,marketplace
O001982,2025-04-07,C0047,P0088,1,60.03,60.03,web
O001983,2025-04-11,C0421,P0088,1,60.03,60.03,web
O001984,2025-04-08,C0491,P0085,1,107.81,107.81,web
O001985,2025-04-06,C0371,P0077,3,98.86,296.58,web
O001986,2025-04-07,C0320,P0086,3,48.9,146.7,web
O001987,2025-04-14,C0062,P0073,2,93.8,187.6,web
O001988,2025-04-11,C0089,P0080,2,36.3,72.6,web
O001989,2025-04-01,C0200,P0083,2,50.7,101.4,web
O001990,2025-04-22,C0418,P0089,1,115.07,115.07,mobile_app
O001991,2025-04-02,C0035,P0075,2,32.67,65.34,web
O001992,2025-04-16,C0053,P0090,3,16.31,48.93,marketplace
O001993,2025-04-06,C0129,P0086,3,48.9,146.7,web
O001994,2025-04-23,C0199,P0079,3,133.92,401.76,marketplace
O001995,2025-04-05,C0171,P0090,3,16.31,48.93,web
O001996,2025-04-11,C0436,P0090,3,16.31,48.93,marketplace
O001997,2025-04-01,C0312,P0090,2,16.31,32.62,marketplace
O001998,2025-04-21,C0380,P0077,3,98.86,296.58,web
O001999,2025-04-01,C0120,P0085,3,107.81,323.43,web
O002000,2025-04-10,C0122,P0090,1,16.31,16.31,marketplace
O002001,2025-04-20,C0041,P0086,1,48.9,48.9,web
O002002,2025-04-10,C0104,P0080,2,36.3,72.6,web
O002003,2025-04-02,C0122,P0084,3,51.77,155.31,marketplace
O002004,2025-04-24,C0450,P0080,2,36.3,72.6,mobile_app
O002005,2025-04-21,C0403,P0074,2,105.41,210.82,web
O002006,2025-04-21,C0417,P0077,2,98.86,197.72,mobile_app
O002007,2025-04-28,C0376,P0074,1,105.41,105.41,mobile_app
O002008,2025-04-18,C0028,P0080,1,36.3,36.3,marketplace
O002009,2025-04-23,C0369,P0081,3,147.82,443.46,web
O002010,2025-04-17,C0165,P0085,2,107.81,215.62,web
O002011,2025-04-03,C0446,P0075,1,32.67,32.67,mobile_app
O002012,2025-04-02,C0325,P0082,1,105.16,105.16,web
O002013,2025-04-03,C0089,P0081,1,147.82,147.82,marketplace
O002014,2025-04-08,C0260,P0073,1,93.8,93.8,web
O002015,2025-04-10,C0085,P0078,2,87.58,175.16,marketplace
O002016,2025-04-06,C0311,P0073,2,93.8,187.6,web
O002017,2025-04-15,C0496,P0086,3,48.9,146.7,marketplace
O002018,2025-04-03,C0487,P0075,2,32.67,65.34,mobile_app
O002019,2025-04-16,C0226,P0076,1,140.42,140.42,mobile_app
O002020,2025-04-14,C0390,P0089,3,115.07,345.21,web
O002021,2025-04-01,C0391,P0075,2,32.67,65.34,mobile_app
O002022,2025-04-25,C0465,P0079,1,133.92,133.92,mobile_app
O002023,2025-04-18,C0373,P0079,1,133.92,133.92,web
O002024,2025-04-10,C0233,P0082,2,105.16,210.32,mobile_app
O002025,2025-04-16,C0037,P0077,3,98.86,296.58,mobile_app
O002026,2025-04-07,C0080,P0086,2,48.9,97.8,web
O002027,2025-04-13,C0497,P0078,2,87.58,175.16,marketplace
O002028,2025-04-10,C0329,P0074,2,105.41,210.82,marketplace
O002029,2025-04-04,C0198,P0076,1,140.42,140.42,marketplace
O002030,2025-04-09,C0395,P0090,2,16.31,32.62,marketplace
O002031,2025-04-16,C0326,P0086,3,48.9,146.7,marketplace
O002032,2025-04-21,C0198,P0090,1,16.31,16.31,mobile_app
O002033,2025-04-16,C0018,P0085,1,107.81,107.81,mobile_app
O002034,2025-04-01,C0358,P0085,3,107.81,323.43,marketplace
O002035,2025-04-20,C0234,P0078,2,87.58,175.16,marketplace
O002036,2025-04-20,C0297,P0086,1,48.9,48.9,marketplace
O002037,2025-04-04,C0395,P0083,1,50.7,50.7,web
O002038,2025-04-13,C0362,P0082,2,105.16,210.32,marketplace
O002039,2025-04-17,C0466,P0088,1,60.03,60.03,web
O002040,2025-04-27,C0219,P0076,1,140.42,140.42,mobile_app
O002041,2025-04-18,C0338,P0081,3,147.82,443.46,mobile_app
O002042,2025-04-14,C0386,P0078,3,87.58,262.74,marketplace
O002043,2025-04-21,C0294,P0076,1,140.42,140.42,mobile_app
O002044,2025-04-24,C0108,P0079,2,133.92,267.84,marketplace
O002045,2025-04-01,C0087,P0076,2,140.42,280.84,mobile_app
O002046,2025-04-10,C0376,P0083,3,50.7,152.1,mobile_app
O002047,2025-04-06,C0361,P0074,2,105.41,210.82,web
O002048,2025-04-17,C0486,P0081,1,147.82,147.82,web
O002049,2025-04-06,C0103,P0086,1,48.9,48.9,web
O002050,2025-04-09,C0462,P0079,1,133.92,133.92,mobile_app
O002051,2025-04-04,C0445,P0079,3,133.92,401.76,marketplace
O002052,2025-04-03,C0194,P0075,2,32.67,65.34,web
O002053,2025-04-01,C0300,P0079,2,133.92,267.84,web
O002054,2025-04-25,C0052,P0089,3,115.07,345.21,web
O002055,2025-04-07,C0268,P0081,1,147.82,147.82,web
O002056,2025-04-25,C0137,P0084,3,51.77,155.31,mobile_app
O002057,2025-04-20,C0220,P0087,2,100.63,201.26,mobile_app
O002058,2025-04-11,C0419,P0089,2,115.07,230.14,web
O002059,2025-04-13,C0194,P0082,3,105.16,315.48,marketplace
O002060,2025-04-28,C0358,P0084,2,51.77,103.54,mobile_app
O002061,2025-04-20,C0063,P0108,1,23.58,23.58,marketplace
O002062,2025-04-25,C0418,P0108,3,23.58,70.74,web
O002063,2025-04-22,C0338,P0101,3,14.85,44.55,mobile_app
O002064,2025-04-07,C0002,P0107,3,23.3,69.9,marketplace
O002065,2025-04-01,C0325,P0106,2,22.84,45.68,mobile_app
O002066,2025-04-11,C0348,P0096,3,34.31,102.93,mobile_app
O002067,2025-04-13,C0379,P0097,2,11.2,22.4,marketplace
O002068,2025-04-14,C0481,P0094,2,8.98,17.96,mobile_app
O002069,2025-04-04,C0376,P0106,3,22.84,68.52,mobile_app
O002070,2025-04-23,C0074,P0104,1,24.6,24.6,marketplace
O002071,2025-04-17,C0017,P0105,3,33.24,99.72,web
O002072,2025-04-10,C0427,P0104,1,24.6,24.6,marketplace
O002073,2025-04-06,C0459,P0091,2,7.04,14.08,mobile_app
O002074,2025-04-22,C0277,P0100,2,12.45,24.9,web
O002075,2025-04-25,C0484,P0107,1,23.3,23.3,marketplace
O002076,2025-04-14,C0367,P0092,1,18.46,18.46,web
O002077,2025-04-13,C0393,P0102,2,6.69,13.38,mobile_app
O002078,2025-04-22,C0244,P0107,2,23.3,46.6,marketplace
O002079,2025-04-18,C0325,P0091,1,7.04,7.04,marketplace
O002080,2025-04-11,C0447,P0098,3,31.06,93.18,web
O002081,2025-04-03,C0330,P0100,3,12.45,37.35,mobile_app
O002082,2025-04-24,C0377,P0094,3,8.98,26.94,marketplace
O002083,2025-04-26,C0288,P0100,3,12.45,37.35,mobile_app
O002084,2025-04-09,C0060,P0094,1,8.98,8.98,mobile_app
O002085,2025-04-11,C0380,P0096,1,34.31,34.31,marketplace
O002086,2025-04-04,C0294,P0107,3,23.3,69.9,mobile_app
O002087,2025-04-13,C0296,P0102,2,6.69,13.38,marketplace
O002088,2025-04-11,C0395,P0104,2,24.6,49.2,mobile_app
O002089,2025-04-17,C0340,P0098,1,31.06,31.06,marketplace
O002090,2025-04-13,C0005,P0096,1,34.31,34.31,marketplace
O002091,2025-04-05,C0418,P0095,2,27.73,55.46,mobile_app
O002092,2025-04-22,C0234,P0108,2,23.58,47.16,web
O002093,2025-04-24,C0341,P0104,1,24.6,24.6,marketplace
O002094,2025-04-10,C0258,P0100,2,12.45,24.9,marketplace
O002095,2025-04-19,C0245,P0091,3,7.04,21.12,marketplace
O002096,2025-04-10,C0361,P0094,2,8.98,17.96,mobile_app
O002097,2025-04-05,C0424,P0104,2,24.6,49.2,marketplace
O002098,2025-04-26,C0116,P0095,3,27.73,83.19,marketplace
O002099,2025-04-28,C0250,P0101,1,14.85,14.85,marketplace
O002100,2025-04-28,C0082,P0097,3,11.2,33.6,web
O002101,2025-04-14,C0348,P0101,2,14.85,29.7,mobile_app
O002102,2025-04-13,C0037,P0108,2,23.58,47.16,marketplace
O002103,2025-04-23,C0473,P0101,2,14.85,29.7,web
O002104,2025-04-13,C0050,P0095,3,27.73,83.19,web
O002105,2025-04-28,C0413,P0106,3,22.84,68.52,web
O002106,2025-04-10,C0235,P0091,3,7.04,21.12,marketplace
O002107,2025-04-15,C0357,P0094,1,8.98,8.98,mobile_app
O002108,2025-04-07,C0112,P0108,1,23.58,23.58,marketplace
O002109,2025-04-01,C0186,P0100,3,12.45,37.35,marketplace
O002110,2025-04-22,C0403,P0104,1,24.6,24.6,web
O002111,2025-04-22,C0431,P0091,2,7.04,14.08,web
O002112,2025-04-12,C0499,P0102,1,6.69,6.69,mobile_app
O002113,2025-04-04,C0264,P0107,1,23.3,23.3,marketplace
O002114,2025-04-05,C0322,P0092,2,18.46,36.92,marketplace
O002115,2025-04-04,C0124,P0104,1,24.6,24.6,mobile_app
O002116,2025-04-20,C0489,P0095,3,27.73,83.19,web
O002117,2025-04-25,C0355,P0091,2,7.04,14.08,marketplace
O002118,2025-04-28,C0419,P0104,2,24.6,49.2,marketplace
O002119,2025-04-21,C0228,P0107,3,23.3,69.9,mobile_app
O002120,2025-04-08,C0012,P0091,3,7.04,21.12,marketplace
O002121,2025-04-16,C0141,P0105,3,33.24,99.72,marketplace
O002122,2025-04-06,C0197,P0106,3,22.84,68.52,mobile_app
O002123,2025-04-14,C0153,P0097,3,11.2,33.6,marketplace
O002124,2025-04-03,C0366,P0098,2,31.06,62.12,marketplace
O002125,2025-04-01,C0202,P0103,3,31.07,93.21,marketplace
O002126,2025-04-16,C0033,P0100,3,12.45,37.35,marketplace
O002127,2025-04-23,C0420,P0102,3,6.69,20.07,marketplace
O002128,2025-04-22,C0460,P0108,1,23.58,23.58,web
O002129,2025-04-23,C0093,P0093,3,32.07,96.21,web
O002130,2025-04-04,C0021,P0100,2,12.45,24.9,web
O002131,2025-04-06,C0045,P0108,3,23.58,70.74,marketplace
O002132,2025-04-03,C0064,P0091,1,7.04,7.04,marketplace
O002133,2025-04-06,C0217,P0091,3,7.04,21.12,marketplace
O002134,2025-04-18,C0228,P0104,3,24.6,73.8,web
O002135,2025-04-11,C0268,P0103,3,31.07,93.21,mobile_app
O002136,2025-04-07,C0353,P0091,3,7.04,21.12,web
O002137,2025-04-08,C0019,P0108,1,23.58,23.58,web
O002138,2025-04-05,C0309,P0103,1,31.07,31.07,marketplace
O002139,2025-05-05,C0374,P0006,2,48.69,97.38,marketplace
O002140,2025-05-09,C0134,P0006,3,48.69,146.07,mobile_app
O002141,2025-05-13,C0234,P0008,1,86.79,86.79,web
O002142,2025-05-14,C0482,P0005,3,68.7,206.1,marketplace
O002143,2025-05-21,C0099,P0004,3,32.45,97.35,marketplace
O002144,2025-05-21,C0421,P0008,3,86.79,260.37,marketplace
O002145,2025-05-27,C0079,P0014,2,88.89,177.78,mobile_app
O002146,2025-05-13,C0014,P0009,2,22.25,44.5,marketplace
O002147,2025-05-04,C0273,P0012,2,77.21,154.42,web
O002148,2025-05-03,C0169,P0006,2,48.69,97.38,marketplace
O002149,2025-05-01,C0051,P0003,2,59.29,118.58,mobile_app
O002150,2025-05-13,C0488,P0011,1,87.98,87.98,web
O002151,2025-05-06,C0270,P0005,1,68.7,68.7,marketplace
O002152,2025-05-27,C0414,P0001,3,62.96,188.88,mobile_app
O002153,2025-05-20,C0051,P0003,2,59.29,118.58,web
O002154,2025-05-18,C0305,P0003,3,59.29,177.87,mobile_app
O002155,2025-05-09,C0005,P0012,1,77.21,77.21,marketplace
O002156,2025-05-22,C0065,P0010,1,75.53,75.53,web
O002157,2025-05-09,C0028,P0010,3,75.53,226.59,marketplace
O002158,2025-05-23,C0399,P0004,2,32.45,64.9,web
O002159,2025-05-23,C0235,P0011,2,87.98,175.96,web
O002160,2025-05-26,C0240,P0008,2,86.79,173.58,marketplace
O002161,2025-05-17,C0483,P0003,2,59.29,118.58,marketplace
O002162,2025-05-10,C0326,P0011,1,87.98,87.98,web
O002163,2025-05-25,C0161,P0013,2,29.42,58.84,web
O002164,2025-05-24,C0123,P0011,1,87.98,87.98,web
O002165,2025-05-14,C0347,P0017,1,63.6,63.6,marketplace
O002166,2025-05-16,C0255,P0004,1,32.45,32.45,marketplace
O002167,2025-05-18,C0358,P0010,3,75.53,226.59,web
O002168,2025-05-07,C0467,P0008,3,86.79,260.37,marketplace
O002169,2025-05-22,C0487,P0006,3,48.69,146.07,marketplace
O002170,2025-05-20,C0230,P0007,1,67.36,67.36,web
O002171,2025-05-08,C0090,P0004,3,32.45,97.35,web
O002172,2025-05-17,C0181,P0013,1,29.42,29.42,web
O002173,2025-05-06,C0192,P0006,2,48.69,97.38,web
O002174,2025-05-08,C0426,P0017,3,63.6,190.8,marketplace
O002175,2025-05-10,C0154,P0004,1,32.45,32.45,mobile_app
O002176,2025-05-01,C0378,P0003,1,59.29,59.29,marketplace
O002177,2025-05-10,C0476,P0018,1,69.68,69.68,marketplace
O002178,2025-05-15,C0457,P0013,1,29.42,29.42,marketplace
O002179,2025-05-12,C0004,P0018,1,69.68,69.68,marketplace
O002180,2025-05-12,C0055,P0015,2,35.85,71.7,web
O002181,2025-05-06,C0206,P0018,3,69.68,209.04,mobile_app
O002182,2025-05-14,C0064,P0016,1,42.76,42.76,mobile_app
O002183,2025-05-14,C0457,P0016,2,42.76,85.52,web
O002184,2025-05-04,C0225,P0004,2,32.45,64.9,marketplace
O002185,2025-05-05,C0182,P0011,1,87.98,87.98,marketplace
O002186,2025-05-28,C0364,P0007,2,67.36,134.72,web
O002187,2025-05-02,C0083,P0010,2,75.53,151.06,marketplace
O002188,2025-05-16,C0282,P0014,2,88.89,177.78,mobile_app
O002189,2025-05-05,C0167,P0016,3,42.76,128.28,mobile_app
O002190,2025-05-27,C0423,P0004,3,32.45,97.35,mobile_app
O002191,2025-05-01,C0393,P0005,3,68.7,206.1,marketplace
O002192,2025-05-16,C0149,P0018,2,69.68,139.36,mobile_app
O002193,2025-05-08,C0317,P0001,2,62.96,125.92,web
O002194,2025-05-08,C0144,P0014,1,88.89,88.89,web
O002195,2025-05-08,C0342,P0012,3,77.21,231.63,mobile_app
O002196,2025-05-28,C0303,P0005,1,68.7,68.7,marketplace
O002197,2025-05-04,C0068,P0001,1,62.96,62.96,mobile_app
O002198,2025-05-03,C0443,P0012,1,77.21,77.21,web
O002199,2025-05-10,C0359,P0003,3,59.29,177.87,marketplace
O002200,2025-05-11,C0219,P0014,1,88.89,88.89,mobile_app
O002201,2025-05-09,C0483,P0009,2,22.25,44.5,mobile_app
O002202,2025-05-11,C0459,P0003,1,59.29,59.29,web
O002203,2025-05-16,C0144,P0017,2,63.6,127.2,marketplace
O002204,2025-05-04,C0050,P0005,2,68.7,137.4,marketplace
O002205,2025-05-26,C0186,P0016,3,42.76,128.28,marketplace
O002206,2025-05-20,C0191,P0015,3,35.85,107.55,web
O002207,2025-05-19,C0197,P0004,1,32.45,32.45,web
O002208,2025-05-21,C0381,P0003,1,59.29,59.29,marketplace
O002209,2025-05-23,C0229,P0017,1,63.6,63.6,web
O002210,2025-05-18,C0370,P0013,1,29.42,29.42,web
O002211,2025-05-12,C0230,P0005,2,68.7,137.4,marketplace
O002212,2025-05-03,C0248,P0011,2,87.98,175.96,mobile_app
O002213,2025-05-26,C0012,P0010,3,75.53,226.59,web
O002214,2025-05-05,C0149,P0007,3,67.36,202.08,web
O002215,2025-05-26,C0498,P0004,1,32.45,32.45,marketplace
O002216,2025-05-06,C0225,P0015,1,35.85,35.85,marketplace
O002217,2025-05-13,C0311,P0009,2,22.25,44.5,mobile_app
O002218,2025-05-26,C0263,P0017,1,63.6,63.6,mobile_app
O002219,2025-05-17,C0133,P0004,3,32.45,97.35,mobile_app
O002220,2025-05-23,C0138,P0012,2,77.21,154.42,marketplace
O002221,2025-05-05,C0483,P0003,3,59.29,177.87,mobile_app
O002222,2025-05-28,C0405,P0007,2,67.36,134.72,web
O002223,2025-05-27,C0108,P0013,1,29.42,29.42,marketplace
O002224,2025-05-23,C0453,P0017,1,63.6,63.6,marketplace
O002225,2025-05-14,C0460,P0015,1,35.85,35.85,marketplace
O002226,2025-05-21,C0418,P0003,1,59.29,59.29,web
O002227,2025-05-24,C0495,P0011,1,87.98,87.98,mobile_app
O002228,2025-05-24,C0382,P0002,1,31.74,31.74,marketplace
O002229,2025-05-09,C0446,P0016,3,42.76,128.28,marketplace
O002230,2025-05-07,C0419,P0011,3,87.98,263.94,mobile_app
O002231,2025-05-08,C0374,P0020,2,177.46,354.92,marketplace
O002232,2025-05-16,C0048,P0022,1,35.22,35.22,mobile_app
O002233,2025-05-24,C0093,P0028,2,164.31,328.62,marketplace
O002234,2025-05-06,C0454,P0032,2,196.78,393.56,web
O002235,2025-05-20,C0097,P0033,3,56.38,169.14,web
O002236,2025-05-24,C0270,P0034,1,195.25,195.25,web
O002237,2025-05-20,C0052,P0027,1,133.51,133.51,mobile_app
O002238,2025-05-27,C0007,P0035,1,88.64,88.64,marketplace
O002239,2025-05-08,C0395,P0026,1,103.26,103.26,web
O002240,2025-05-20,C0007,P0031,3,185.77,557.31,web
O002241,2025-05-18,C0377,P0033,1,56.38,56.38,mobile_app
O002242,2025-05-07,C0072,P0034,1,195.25,195.25,mobile_app
O002243,2025-05-27,C0084,P0025,2,80.43,160.86,mobile_app
O002244,2025-05-08,C0029,P0033,1,56.38,56.38,marketplace
O002245,2025-05-18,C0064,P0019,3,247.59,742.77,web
O002246,2025-05-18,C0152,P0024,1,80.92,80.92,web
O002247,2025-05-05,C0001,P0020,2,177.46,354.92,web
O002248,2025-05-22,C0197,P0028,1,164.31,164.31,marketplace
O002249,2025-05-16,C0087,P0031,1,185.77,185.77,web
O002250,2025-05-03,C0459,P0028,2,164.31,328.62,web
O002251,2025-05-14,C0272,P0035,1,88.64,88.64,mobile_app
O002252,2025-05-14,C0077,P0032,3,196.78,590.34,marketplace
O002253,2025-05-27,C0147,P0029,3,34.61,103.83,mobile_app
O002254,2025-05-16,C0339,P0033,2,56.38,112.76,mobile_app
O002255,2025-05-26,C0040,P0022,3,35.22,105.66,web
O002256,2025-05-25,C0336,P0036,1,55.15,55.15,web
O002257,2025-05-15,C0370,P0032,2,196.78,393.56,mobile_app
O002258,2025-05-19,C0219,P0022,1,35.22,35.22,marketplace
O002259,2025-05-11,C0066,P0029,1,34.61,34.61,web
O002260,2025-05-11,C0254,P0029,2,34.61,69.22,mobile_app
O002261,2025-05-20,C0407,P0029,2,34.61,69.22,marketplace
O002262,2025-05-08,C0197,P0025,3,80.43,241.29,mobile_app
O002263,2025-05-18,C0253,P0022,3,35.22,105.66,marketplace
O002264,2025-05-13,C0043,P0033,1,56.38,56.38,marketplace
O002265,2025-05-19,C0398,P0019,3,247.59,742.77,marketplace
O002266,2025-05-23,C0045,P0024,1,80.92,80.92,web
O002267,2025-05-28,C0009,P0026,1,103.26,103.26,mobile_app
O002268,2025-05-04,C0031,P0034,1,195.25,195.25,mobile_app
O002269,2025-05-10,C0236,P0025,1,80.43,80.43,web
O002270,2025-05-14,C0125,P0023,3,68.9,206.7,web
O002271,2025-05-24,C0071,P0035,1,88.64,88.64,web
O002272,2025-05-05,C0194,P0021,3,209.01,627.03,marketplace
O002273,2025-05-03,C0245,P0027,3,133.51,400.53,marketplace
O002274,2025-05-05,C0188,P0025,1,80.43,80.43,web
O002275,2025-05-25,C0094,P0022,1,35.22,35.22,mobile_app
O002276,2025-05-17,C0358,P0034,3,195.25,585.75,mobile_app
O002277,2025-05-11,C0228,P0025,3,80.43,241.29,marketplace
O002278,2025-05-04,C0080,P0026,2,103.26,206.52,web
O002279,2025-05-20,C0385,P0029,1,34.61,34.61,web
O002280,2025-05-13,C0427,P0033,1,56.38,56.38,mobile_app
O002281,2025-05-18,C0365,P0019,2,247.59,495.18,mobile_app
O002282,2025-05-10,C0364,P0034,3,195.25,585.75,web
O002283,2025-05-09,C0499,P0021,1,209.01,209.01,web
O002284,2025-05-24,C0109,P0036,1,55.15,55.15,mobile_app
O002285,2025-05-13,C0095,P0024,1,80.92,80.92,marketplace
O002286,2025-05-27,C0040,P0035,3,88.64,265.92,marketplace
O002287,2025-05-21,C0329,P0024,2,80.92,161.84,mobile_app
O002288,2025-05-02,C0412,P0030,1,77.83,77.83,mobile_app
O002289,2025-05-09,C0056,P0028,1,164.31,164.31,web
O002290,2025-05-03,C0109,P0036,1,55.15,55.15,marketplace
O002291,2025-05-09,C0044,P0019,1,247.59,247.59,marketplace
O002292,2025-05-26,C0248,P0027,3,133.51,400.53,web
O002293,2025-05-13,C0257,P0035,2,88.64,177.28,web
O002294,2025-05-24,C0183,P0029,2,34.61,69.22,web
O002295,2025-05-11,C0209,P0029,1,34.61,34.61,marketplace
O002296,2025-05-26,C0397,P0022,3,35.22,105.66,web
O002297,2025-05-06,C0078,P0031,2,185.77,371.54,marketplace
O002298,2025-05-03,C0488,P0024,3,80.92,242.76,marketplace
O002299,2025-05-17,C0265,P0034,1,195.25,195.25,marketplace
O002300,2025-05-25,C0175,P0032,3,196.78,590.34,mobile_app
O002301,2025-05-10,C0185,P0036,2,55.15,110.3,marketplace
O002302,2025-05-02,C0457,P0032,2,196.78,393.56,marketplace
O002303,2025-05-08,C0107,P0023,2,68.9,137.8,marketplace
O002304,2025-05-19,C0322,P0028,1,164.31,164.31,mobile_app
O002305,2025-05-16,C0049,P0025,1,80.43,80.43,mobile_app
O002306,2025-05-06,C0035,P0028,2,164.31,328.62,mobile_app
O002307,2025-05-03,C0037,P0020,2,177.46,354.92,web
O002308,2025-05-09,C0243,P0023,2,68.9,137.8,mobile_app
O002309,2025-05-21,C0474,P0023,2,68.9,137.8,web
O002310,2025-05-02,C0187,P0047,2,74.73,149.46,mobile_app
O002311,2025-05-22,C0067,P0037,3,111.03,333.09,mobile_app
O002312,2025-05-11,C0192,P0051,3,61.99,185.97,web
O002313,2025-05-15,C0135,P0037,3,111.03,333.09,marketplace
O002314,2025-05-05,C0437,P0037,1,111.03,111.03,web
O002315,2025-05-19,C0205,P0053,1,55.22,55.22,web
O002316,2025-05-22,C0048,P0039,2,16.37,32.74,mobile_app
O002317,2025-05-18,C0461,P0053,3,55.22,165.66,mobile_app
O002318,2025-05-24,C0056,P0052,1,20.38,20.38,mobile_app
O002319,2025-05-13,C0169,P0039,1,16.37,16.37,web
O002320,2025-05-16,C0109,P0042,3,39.16,117.48,marketplace
O002321,2025-05-09,C0233,P0043,1,112.18,112.18,web
O002322,2025-05-05,C0328,P0037,2,111.03,222.06,web
O002323,2025-05-20,C0397,P0037,1,111.03,111.03,mobile_app
O002324,2025-05-26,C0221,P0041,2,24.12,48.24,mobile_app
O002325,2025-05-28,C0012,P0039,1,16.37,16.37,marketplace
O002326,2025-05-21,C0091,P0039,2,16.37,32.74,web
O002327,2025-05-13,C0042,P0037,2,111.03,222.06,mobile_app
O002328,2025-05-28,C0215,P0042,2,39.16,78.32,marketplace
O002329,2025-05-06,C0426,P0037,2,111.03,222.06,web
O002330,2025-05-11,C0494,P0044,2,53.89,107.78,mobile_app
O002331,2025-05-14,C0247,P0048,2,17.41,34.82,mobile_app
O002332,2025-05-23,C0224,P0053,1,55.22,55.22,mobile_app
O002333,2025-05-13,C0422,P0048,3,17.41,52.23,web
O002334,2025-05-07,C0040,P0039,3,16.37,49.11,marketplace
O002335,2025-05-05,C0166,P0044,3,53.89,161.67,marketplace
O002336,2025-05-24,C0423,P0042,3,39.16,117.48,marketplace
O002337,2025-05-05,C0460,P0054,1,81.88,81.88,mobile_app
O002338,2025-05-28,C0163,P0050,2,69.32,138.64,web
O002339,2025-05-14,C0135,P0050,3,69.32,207.96,marketplace
O002340,2025-05-27,C0439,P0042,2,39.16,78.32,web
O002341,2025-05-19,C0050,P0037,3,111.03,333.09,web
O002342,2025-05-14,C0357,P0050,1,69.32,69.32,marketplace
O002343,2025-05-13,C0111,P0047,3,74.73,224.19,mobile_app
O002344,2025-05-22,C0296,P0038,1,22.31,22.31,web
O002345,2025-05-01,C0155,P0045,2,108.96,217.92,mobile_app
O002346,2025-05-23,C0256,P0051,1,61.99,61.99,marketplace
O002347,2025-05-14,C0181,P0039,2,16.37,32.74,mobile_app
O002348,2025-05-17,C0499,P0043,2,112.18,224.36,mobile_app
O002349,2025-05-15,C0220,P0047,1,74.73,74.73,mobile_app
O002350,2025-05-06,C0278,P0051,3,61.99,185.97,mobile_app
O002351,2025-05-23,C0349,P0039,3,16.37,49.11,mobile_app
O002352,2025-05-20,C0481,P0047,3,74.73,224.19,web
O002353,2025-05-03,C0333,P0042,1,39.16,39.16,web
O002354,2025-05-04,C0255,P0046,2,17.04,34.08,marketplace
O002355,2025-05-04,C0325,P0049,3,66.56,199.68,mobile_app
O002356,2025-05-22,C0149,P0046,1,17.04,17.04,mobile_app
O002357,2025-05-18,C0196,P0052,2,20.38,40.76,web
O002358,2025-05-04,C0180,P0054,2,81.88,163.76,mobile_app
O002359,2025-05-23,C0402,P0042,3,39.16,117.48,marketplace
O002360,2025-05-26,C0115,P0040,2,90.51,181.02,marketplace
O002361,2025-05-09,C0158,P0044,3,53.89,161.67,mobile_app
O002362,2025-05-14,C0017,P0042,1,39.16,39.16,web
O002363,2025-05-11,C0172,P0040,3,90.51,271.53,web
O002364,2025-05-08,C0285,P0048,2,17.41,34.82,mobile_app
O002365,2025-05-13,C0425,P0039,3,16.37,49.11,web
O002366,2025-05-14,C0066,P0040,3,90.51,271.53,marketplace
O002367,2025-05-06,C0207,P0054,3,81.88,245.64,mobile_app
O002368,2025-05-08,C0051,P0038,2,22.31,44.62,marketplace
O002369,2025-05-04,C0324,P0051,3,61.99,185.97,marketplace
O002370,2025-05-09,C0429,P0050,3,69.32,207.96,marketplace
O002371,2025-05-07,C0048,P0050,2,69.32,138.64,web
O002372,2025-05-23,C0279,P0047,3,74.73,224.19,web
O002373,2025-05-24,C0376,P0051,1,61.99,61.99,web
O002374,2025-05-21,C0399,P0052,3,20.38,61.14,mobile_app
O002375,2025-05-08,C0153,P0047,3,74.73,224.19,web
O002376,2025-05-24,C0400,P0047,1,74.73,74.73,mobile_app
O002377,2025-05-02,C0141,P0050,3,69.32,207.96,web
O002378,2025-05-01,C0327,P0037,3,111.03,333.09,marketplace
O002379,2025-05-15,C0475,P0039,1,16.37,16.37,marketplace
O002380,2025-05-10,C0135,P0052,1,20.38,20.38,web
O002381,2025-05-28,C0186,P0045,2,108.96,217.92,web
O002382,2025-05-26,C0012,P0044,2,53.89,107.78,mobile_app
O002383,2025-05-03,C0108,P0039,3,16.37,49.11,marketplace
O002384,2025-05-21,C0466,P0043,2,112.18,224.36,mobile_app
O002385,2025-05-10,C0006,P0047,1,74.73,74.73,web
O002386,2025-05-20,C0438,P0040,3,90.51,271.53,web
O002387,2025-05-12,C0248,P0038,2,22.31,44.62,marketplace
O002388,2025-05-06,C0268,P0038,1,22.31,22.31,marketplace
O002389,2025-05-07,C0311,P0042,1,39.16,39.16,web
O002390,2025-05-17,C0390,P0042,3,39.16,117.48,web
O002391,2025-05-04,C0461,P0044,2,53.89,107.78,web
O002392,2025-05-09,C0247,P0042,2,39.16,78.32,web
O002393,2025-05-23,C0283,P0048,2,17.41,34.82,marketplace
O002394,2025-05-26,C0254,P0040,3,90.51,271.53,mobile_app
O002395,2025-05-07,C0129,P0041,2,24.12,48.24,web
O002396,2025-05-09,C0493,P0038,3,22.31,66.93,mobile_app
O002397,2025-05-10,C0085,P0038,3,22.31,66.93,web
O002398,2025-05-14,C0453,P0038,2,22.31,44.62,mobile_app
O002399,2025-05-09,C0418,P0049,3,66.56,199.68,mobile_app
O002400,2025-05-13,C0220,P0045,3,108.96,326.88,web
O002401,2025-05-21,C0420,P0045,2,108.96,217.92,web
O002402,2025-05-17,C0130,P0051,1,61.99,61.99,marketplace
O002403,2025-05-27,C0450,P0039,3,16.37,49.11,marketplace
O002404,2025-05-12,C0204,P0040,3,90.51,271.53,web
O002405,2025-05-14,C0405,P0053,2,55.22,110.44,web
O002406,2025-05-07,C0337,P0045,1,108.96,108.96,mobile_app
O002407,2025-05-04,C0005,P0053,2,55.22,110.44,mobile_app
O002408,2025-05-11,C0110,P0046,3,17.04,51.12,mobile_app
O002409,2025-05-08,C0288,P0054,2,81.88,163.76,web
O002410,2025-05-07,C0270,P0047,3,74.73,224.19,web
O002411,2025-05-23,C0312,P0048,2,17.41,34.82,marketplace
O002412,2025-05-14,C0350,P0048,3,17.41,52.23,mobile_app
O002413,2025-05-07,C0101,P0050,2,69.32,138.64,web
O002414,2025-05-02,C0141,P0038,2,22.31,44.62,mobile_app
O002415,2025-05-06,C0308,P0040,2,90.51,181.02,mobile_app
O002416,2025-05-01,C0146,P0056,3,17.96,53.88,web
O002417,2025-05-01,C0467,P0066,3,58.37,175.11,mobile_app
O002418,2025-05-02,C0459,P0062,2,16.56,33.12,marketplace
O002419,2025-05-11,C0331,P0066,1,58.37,58.37,web
O002420,2025-05-27,C0411,P0062,1,16.56,16.56,mobile_app
O002421,2025-05-11,C0386,P0061,2,33.25,66.5,mobile_app
O002422,2025-05-25,C0161,P0057,3,17.54,52.62,mobile_app
O002423,2025-05-10,C0357,P0055,2,45.87,91.74,mobile_app
O002424,2025-05-04,C0432,P0067,3,46.89,140.67,mobile_app
O002425,2025-05-01,C0115,P0066,1,58.37,58.37,web
O002426,2025-05-04,C0166,P0058,1,50.02,50.02,marketplace
O002427,2025-05-06,C0046,P0060,1,56.17,56.17,web
O002428,2025-05-27,C0463,P0067,2,46.89,93.78,marketplace
O002429,2025-05-28,C0027,P0059,3,41.91,125.73,mobile_app
O002430,2025-05-04,C0025,P0061,1,33.25,33.25,mobile_app
O002431,2025-05-23,C0314,P0071,2,14.23,28.46,mobile_app
O002432,2025-05-05,C0299,P0061,1,33.25,33.25,mobile_app
O002433,2025-05-28,C0076,P0059,2,41.91,83.82,marketplace
O002434,2025-05-21,C0229,P0055,2,45.87,91.74,marketplace
O002435,2025-05-08,C0296,P0055,3,45.87,137.61,mobile_app
O002436,2025-05-11,C0396,P0064,2,44.22,88.44,marketplace
O002437,2025-05-09,C0393,P0068,1,34.15,34.15,mobile_app
O002438,2025-05-18,C0428,P0056,2,17.96,35.92,web
O002439,2025-05-28,C0106,P0069,3,57.96,173.88,marketplace
O002440,2025-05-02,C0109,P0057,2,17.54,35.08,web
O002441,2025-05-27,C0198,P0070,2,38.94,77.88,web
O002442,2025-05-07,C0417,P0070,2,38.94,77.88,marketplace
O002443,2025-05-28,C0161,P0063,3,56.18,168.54,mobile_app
O002444,2025-05-05,C0435,P0056,3,17.96,53.88,marketplace
O002445,2025-05-08,C0470,P0060,1,56.17,56.17,mobile_app
O002446,2025-05-28,C0318,P0072,2,38.91,77.82,marketplace
O002447,2025-05-07,C0036,P0056,2,17.96,35.92,mobile_app
O002448,2025-05-10,C0488,P0060,3,56.17,168.51,marketplace
O002449,2025-05-15,C0449,P0067,1,46.89,46.89,web
O002450,2025-05-01,C0458,P0072,1,38.91,38.91,mobile_app
O002451,2025-05-16,C0339,P0064,1,44.22,44.22,marketplace
O002452,2025-05-04,C0475,P0068,2,34.15,68.3,marketplace
O002453,2025-05-07,C0078,P0072,2,38.91,77.82,mobile_app
O002454,2025-05-11,C0028,P0064,3,44.22,132.66,mobile_app
O002455,2025-05-02,C0333,P0057,1,17.54,17.54,mobile_app
O002456,2025-05-07,C0151,P0069,2,57.96,115.92,web
O002457,2025-05-09,C0272,P0070,3,38.94,116.82,marketplace
O002458,2025-05-04,C0349,P0072,2,38.91,77.82,web
O002459,2025-05-08,C0059,P0068,1,34.15,34.15,web
O002460,2025-05-09,C0123,P0064,3,44.22,132.66,web
O002461,2025-05-08,C0452,P0065,2,45.36,90.72,marketplace
O002462,2025-05-13,C0202,P0068,2,34.15,68.3,web
O002463,2025-05-09,C0254,P0060,3,56.17,168.51,web
O002464,2025-05-12,C0327,P0062,1,16.56,16.56,mobile_app
O002465,2025-05-24,C0002,P0057,2,17.54,35.08,web
O002466,2025-05-20,C0245,P0060,3,56.17,168.51,marketplace
O002467,2025-05-08,C0088,P0061,3,33.25,99.75,mobile_app
O002468,2025-05-06,C0171,P0065,1,45.36,45.36,mobile_app
O002469,2025-05-22,C0243,P0069,1,57.96,57.96,mobile_app
O002470,2025-05-09,C0452,P0064,1,44.22,44.22,web
O002471,2025-05-20,C0181,P0055,1,45.87,45.87,mobile_app
O002472,2025-05-28,C0127,P0057,2,17.54,35.08,mobile_app
O002473,2025-05-19,C0349,P0070,1,38.94,38.94,mobile_app
O002474,2025-05-17,C0086,P0071,3,14.23,42.69,web
O002475,2025-05-10,C0412,P0069,1,57.96,57.96,marketplace
O002476,2025-05-24,C0180,P0060,2,56.17,112.34,marketplace
O002477,2025-05-09,C0187,P0057,2,17.54,35.08,mobile_app
O002478,2025-05-28,C0443,P0060,3,56.17,168.51,marketplace
O002479,2025-05-22,C0266,P0056,2,17.96,35.92,marketplace
O002480,2025-05-14,C0439,P0058,1,50.02,50.02,web
O002481,2025-05-12,C0255,P0067,1,46.89,46.89,web
O002482,2025-05-23,C0499,P0056,3,17.96,53.88,mobile_app
O002483,2025-05-03,C0100,P0067,3,46.89,140.67,mobile_app
O002484,2025-05-21,C0348,P0067,2,46.89,93.78,marketplace
O002485,2025-05-17,C0090,P0057,2,17.54,35.08,mobile_app
O002486,2025-05-11,C0201,P0060,2,56.17,112.34,marketplace
O002487,2025-05-10,C0098,P0060,2,56.17,112.34,web
O002488,2025-05-11,C0428,P0071,3,14.23,42.69,marketplace
O002489,2025-05-19,C0496,P0062,2,16.56,33.12,mobile_app
O002490,2025-05-16,C0475,P0063,1,56.18,56.18,marketplace
O002491,2025-05-05,C0268,P0055,3,45.87,137.61,mobile_app
O002492,2025-05-06,C0156,P0064,3,44.22,132.66,mobile_app
O002493,2025-05-01,C0233,P0060,2,56.17,112.34,web
O002494,2025-05-04,C0028,P0057,3,17.54,52.62,mobile_app
O002495,2025-05-12,C0339,P0061,2,33.25,66.5,web
O002496,2025-05-12,C0450,P0069,1,57.96,57.96,mobile_app
O002497,2025-05-22,C0491,P0055,3,45.87,137.61,marketplace
O002498,2025-05-23,C0139,P0067,1,46.89,46.89,web
O002499,2025-05-14,C0300,P0064,1,44.22,44.22,web
O002500,2025-05-16,C0478,P0072,1,38.91,38.91,mobile_app
O002501,2025-05-14,C0205,P0083,2,50.7,101.4,web
O002502,2025-05-20,C0160,P0084,2,51.77,103.54,web
O002503,2025-05-11,C0412,P0078,3,87.58,262.74,marketplace
O002504,2025-05-09,C0070,P0079,1,133.92,133.92,mobile_app
O002505,2025-05-10,C0044,P0080,2,36.3,72.6,mobile_app
O002506,2025-05-15,C0280,P0075,3,32.67,98.01,web
O002507,2025-05-04,C0071,P0073,2,93.8,187.6,marketplace
O002508,2025-05-17,C0479,P0081,2,147.82,295.64,marketplace
O002509,2025-05-12,C0219,P0083,2,50.7,101.4,mobile_app
O002510,2025-05-15,C0015,P0075,2,32.67,65.34,marketplace
O002511,2025-05-19,C0263,P0077,1,98.86,98.86,mobile_app
O002512,2025-05-19,C0450,P0082,3,105.16,315.48,mobile_app
O002513,2025-05-15,C0430,P0073,3,93.8,281.4,web
O002514,2025-05-27,C0333,P0075,2,32.67,65.34,web
O002515,2025-05-27,C0149,P0090,1,16.31,16.31,marketplace
O002516,2025-05-28,C0032,P0078,2,87.58,175.16,web
O002517,2025-05-17,C0379,P0088,3,60.03,180.09,marketplace
O002518,2025-05-08,C0459,P0074,1,105.41,105.41,marketplace
O002519,2025-05-10,C0322,P0073,1,93.8,93.8,mobile_app
O002520,2025-05-26,C0249,P0082,1,105.16,105.16,marketplace
O002521,2025-05-03,C0001,P0085,1,107.81,107.81,web
O002522,2025-05-17,C0050,P0083,1,50.7,50.7,web
O002523,2025-05-01,C0427,P0082,2,105.16,210.32,marketplace
O002524,2025-05-04,C0154,P0084,1,51.77,51.77,mobile_app
O002525,2025-05-27,C0121,P0076,1,140.42,140.42,marketplace
O002526,2025-05-22,C0225,P0074,3,105.41,316.23,marketplace
O002527,2025-05-05,C0326,P0082,2,105.16,210.32,web
O002528,2025-05-22,C0124,P0077,3,98.86,296.58,web
O002529,2025-05-18,C0103,P0081,3,147.82,443.46,mobile_app
O002530,2025-05-22,C0052,P0085,2,107.81,215.62,marketplace
O002531,2025-05-09,C0201,P0087,3,100.63,301.89,mobile_app
O002532,2025-05-15,C0214,P0089,1,115.07,115.07,mobile_app
O002533,2025-05-15,C0062,P0077,2,98.86,197.72,marketplace
O002534,2025-05-10,C0018,P0086,3,48.9,146.7,marketplace
O002535,2025-05-20,C0228,P0081,3,147.82,443.46,web
O002536,2025-05-05,C0240,P0087,2,100.63,201.26,marketplace
O002537,2025-05-06,C0184,P0089,1,115.07,115.07,marketplace
O002538,2025-05-07,C0179,P0090,3,16.31,48.93,marketplace
O002539,2025-05-03,C0090,P0089,3,115.07,345.21,marketplace
O002540,2025-05-24,C0289,P0087,3,100.63,301.89,mobile_app
O002541,2025-05-09,C0402,P0078,1,87.58,87.58,marketplace
O002542,2025-05-03,C0470,P0082,2,105.16,210.32,marketplace
O002543,2025-05-20,C0338,P0087,2,100.63,201.26,web
O002544,2025-05-25,C0338,P0076,3,140.42,421.26,marketplace
O002545,2025-05-11,C0302,P0073,3,93.8,281.4,marketplace
O002546,2025-05-27,C0207,P0086,3,48.9,146.7,web
O002547,2025-05-16,C0166,P0082,3,105.16,315.48,web
O002548,2025-05-26,C0122,P0075,3,32.67,98.01,web
O002549,2025-05-24,C0457,P0079,1,133.92,133.92,mobile_app
O002550,2025-05-03,C0032,P0080,2,36.3,72.6,marketplace
O002551,2025-05-28,C0384,P0088,1,60.03,60.03,web
O002552,2025-05-20,C0324,P0077,2,98.86,197.72,web
O002553,2025-05-04,C0358,P0081,2,147.82,295.64,mobile_app
O002554,2025-05-19,C0285,P0083,3,50.7,152.1,web
O002555,2025-05-15,C0348,P0090,2,16.31,32.62,mobile_app
O002556,2025-05-06,C0223,P0078,3,87.58,262.74,marketplace
O002557,2025-05-03,C0299,P0089,1,115.07,115.07,web
O002558,2025-05-04,C0105,P0074,3,105.41,316.23,web
O002559,2025-05-12,C0397,P0080,1,36.3,36.3,mobile_app
O002560,2025-05-11,C0095,P0082,1,105.16,105.16,marketplace
O002561,2025-05-21,C0271,P0078,3,87.58,262.74,mobile_app
O002562,2025-05-19,C0424,P0088,1,60.03,60.03,mobile_app
O002563,2025-05-20,C0461,P0075,2,32.67,65.34,marketplace
O002564,2025-05-15,C0219,P0081,1,147.82,147.82,marketplace
O002565,2025-05-19,C0041,P0076,1,140.42,140.42,web
O002566,2025-05-04,C0061,P0080,2,36.3,72.6,mobile_app
O002567,2025-05-18,C0170,P0090,3,16.31,48.93,web
O002568,2025-05-27,C0129,P0089,2,115.07,230.14,mobile_app
O002569,2025-05-28,C0447,P0074,1,105.41,105.41,web
O002570,2025-05-18,C0295,P0084,1,51.77,51.77,web
O002571,2025-05-17,C0160,P0084,3,51.77,155.31,mobile_app
O002572,2025-05-23,C0457,P0086,3,48.9,146.7,web
O002573,2025-05-21,C0016,P0076,2,140.42,280.84,web
O002574,2025-05-07,C0172,P0087,2,100.63,201.26,web
O002575,2025-05-27,C0376,P0079,3,133.92,401.76,mobile_app
O002576,2025-05-02,C0121,P0080,3,36.3,108.9,mobile_app
O002577,2025-05-20,C0360,P0077,3,98.86,296.58,web
O002578,2025-05-14,C0307,P0077,1,98.86,98.86,marketplace
O002579,2025-05-18,C0246,P0089,1,115.07,115.07,web
O002580,2025-05-04,C0019,P0086,1,48.9,48.9,mobile_app
O002581,2025-05-12,C0221,P0078,3,87.58,262.74,mobile_app
O002582,2025-05-01,C0477,P0080,1,36.3,36.3,web
O002583,2025-05-24,C0010,P0074,3,105.41,316.23,marketplace
O002584,2025-05-25,C0194,P0079,2,133.92,267.84,marketplace
O002585,2025-05-14,C0282,P0088,3,60.03,180.09,web
O002586,2025-05-20,C0463,P0082,1,105.16,105.16,mobile_app
O002587,2025-05-14,C0471,P0080,2,36.3,72.6,web
O002588,2025-05-19,C0006,P0087,1,100.63,100.63,web
O002589,2025-05-19,C0024,P0073,3,93.8,281.4,web
O002590,2025-05-27,C0030,P0077,1,98.86,98.86,web
O002591,2025-05-21,C0456,P0089,3,115.07,345.21,web
O002592,2025-05-20,C0204,P0086,1,48.9,48.9,mobile_app
O002593,2025-05-03,C0040,P0075,3,32.67,98.01,mobile_app
O002594,2025-05-16,C0362,P0086,1,48.9,48.9,marketplace
O002595,2025-05-15,C0366,P0074,1,105.41,105.41,mobile_app
O002596,2025-05-10,C0445,P0081,3,147.82,443.46,marketplace
O002597,2025-05-11,C0358,P0086,2,48.9,97.8,marketplace
O002598,2025-05-12,C0462,P0081,1,147.82,147.82,mobile_app
O002599,2025-05-16,C0144,P0074,3,105.41,316.23,web
O002600,2025-05-27,C0500,P0087,1,100.63,100.63,marketplace
O002601,2025-05-18,C0108,P0080,3,36.3,108.9,web
O002602,2025-05-02,C0121,P0073,1,93.8,93.8,marketplace
O002603,2025-05-04,C0011,P0074,2,105.41,210.82,mobile_app
O002604,2025-05-09,C0302,P0090,2,16.31,32.62,mobile_app
O002605,2025-05-02,C0143,P0090,1,16.31,16.31,marketplace
O002606,2025-05-28,C0196,P0076,1,140.42,140.42,mobile_app
O002607,2025-05-07,C0195,P0083,1,50.7,50.7,web
O002608,2025-05-02,C0339,P0087,3,100.63,301.89,mobile_app
O002609,2025-05-26,C0386,P0090,2,16.31,32.62,marketplace
O002610,2025-05-11,C0372,P0076,1,140.42,140.42,marketplace
O002611,2025-05-24,C0386,P0096,3,34.31,102.93,web
O002612,2025-05-13,C0488,P0091,3,7.04,21.12,marketplace
O002613,2025-05-28,C0481,P0108,2,23.58,47.16,marketplace
O002614,2025-05-24,C0291,P0093,3,32.07,96.21,marketplace
O002615,2025-05-15,C0382,P0101,2,14.85,29.7,web
O002616,2025-05-09,C0410,P0098,1,31.06,31.06,marketplace
O002617,2025-05-08,C0395,P0091,1,7.04,7.04,marketplace
O002618,2025-05-13,C0020,P0105,3,33.24,99.72,marketplace
O002619,2025-05-22,C0129,P0096,2,34.31,68.62,marketplace
O002620,2025-05-01,C0064,P0105,3,33.24,99.72,mobile_app
O002621,2025-05-27,C0136,P0106,2,22.84,45.68,web
O002622,2025-05-15,C0005,P0092,1,18.46,18.46,mobile_app
O002623,2025-05-16,C0327,P0100,2,12.45,24.9,marketplace
O002624,2025-05-19,C0481,P0105,1,33.24,33.24,web
O002625,2025-05-18,C0161,P0094,3,8.98,26.94,web
O002626,2025-05-25,C0403,P0103,2,31.07,62.14,mobile_app
O002627,2025-05-05,C0117,P0101,2,14.85,29.7,marketplace
O002628,2025-05-21,C0026,P0101,3,14.85,44.55,web
O002629,2025-05-06,C0351,P0101,1,14.85,14.85,marketplace
O002630,2025-05-11,C0022,P0096,3,34.31,102.93,marketplace
O002631,2025-05-23,C0133,P0091,1,7.04,7.04,mobile_app
O002632,2025-05-04,C0040,P0108,2,23.58,47.16,marketplace
O002633,2025-05-03,C0122,P0108,3,23.58,70.74,web
O002634,2025-05-27,C0422,P0099,2,28.83,57.66,marketplace
O002635,2025-05-14,C0449,P0101,3,14.85,44.55,mobile_app
O002636,2025-05-20,C0404,P0107,2,23.3,46.6,mobile_app
O002637,2025-05-21,C0192,P0096,2,34.31,68.62,mobile_app
O002638,2025-05-20,C0016,P0098,2,31.06,62.12,web
O002639,2025-05-05,C0467,P0108,2,23.58,47.16,marketplace
O002640,2025-05-07,C0414,P0095,3,27.73,83.19,mobile_app
O002641,2025-05-17,C0402,P0106,3,22.84,68.52,marketplace
O002642,2025-05-13,C0426,P0099,1,28.83,28.83,marketplace
O002643,2025-05-05,C0196,P0107,3,23.3,69.9,marketplace
O002644,2025-05-08,C0290,P0092,1,18.46,18.46,marketplace
O002645,2025-05-18,C0376,P0106,3,22.84,68.52,mobile_app
O002646,2025-05-28,C0450,P0098,1,31.06,31.06,marketplace
O002647,2025-05-16,C0338,P0098,3,31.06,93.18,marketplace
O002648,2025-05-09,C0100,P0100,2,12.45,24.9,marketplace
O002649,2025-05-11,C0125,P0106,1,22.84,22.84,mobile_app
O002650,2025-05-24,C0498,P0094,2,8.98,17.96,web
O002651,2025-05-24,C0491,P0108,2,23.58,47.16,mobile_app
O002652,2025-05-18,C0259,P0093,2,32.07,64.14,web
O002653,2025-05-16,C0310,P0104,3,24.6,73.8,web
O002654,2025-05-08,C0292,P0097,2,11.2,22.4,web
O002655,2025-05-25,C0466,P0098,1,31.06,31.06,mobile_app
O002656,2025-05-05,C0311,P0091,3,7.04,21.12,mobile_app
O002657,2025-05-11,C0061,P0091,2,7.04,14.08,web
O002658,2025-05-05,C0295,P0091,3,7.04,21.12,mobile_app
O002659,2025-05-06,C0449,P0108,1,23.58,23.58,mobile_app
O002660,2025-05-24,C0052,P0103,2,31.07,62.14,web
O002661,2025-05-01,C0354,P0098,2,31.06,62.12,web
O002662,2025-05-17,C0444,P0097,1,11.2,11.2,marketplace
O002663,2025-05-12,C0066,P0098,2,31.06,62.12,mobile_app
O002664,2025-05-23,C0151,P0101,1,14.85,14.85,web
O002665,2025-05-19,C0312,P0091,2,7.04,14.08,marketplace
O002666,2025-05-02,C0038,P0096,3,34.31,102.93,marketplace
O002667,2025-05-14,C0323,P0106,2,22.84,45.68,mobile_app
O002668,2025-05-10,C0388,P0092,2,18.46,36.92,mobile_app
O002669,2025-05-06,C0371,P0102,3,6.69,20.07,marketplace
O002670,2025-05-03,C0078,P0093,3,32.07,96.21,web
O002671,2025-05-22,C0333,P0099,2,28.83,57.66,mobile_app
O002672,2025-05-06,C0261,P0106,2,22.84,45.68,marketplace
O002673,2025-05-08,C0153,P0098,1,31.06,31.06,mobile_app
O002674,2025-05-17,C0460,P0100,3,12.45,37.35,marketplace
O002675,2025-05-10,C0166,P0099,2,28.83,57.66,mobile_app
O002676,2025-05-05,C0022,P0103,1,31.07,31.07,marketplace
O002677,2025-05-07,C0221,P0099,3,28.83,86.49,marketplace
O002678,2025-05-11,C0051,P0103,3,31.07,93.21,mobile_app
O002679,2025-05-10,C0141,P0105,1,33.24,33.24,mobile_app
O002680,2025-05-10,C0481,P0105,1,33.24,33.24,mobile_app
O002681,2025-05-08,C0342,P0099,1,28.83,28.83,mobile_app
O002682,2025-05-18,C0430,P0092,1,18.46,18.46,marketplace
O002683,2025-05-20,C0463,P0107,1,23.3,23.3,web
O002684,2025-05-18,C0410,P0106,3,22.84,68.52,web
O002685,2025-05-24,C0228,P0094,2,8.98,17.96,marketplace
O002686,2025-05-10,C0471,P0097,2,11.2,22.4,web
O002687,2025-05-15,C0456,P0102,1,6.69,6.69,mobile_app
O002688,2025-05-28,C0071,P0105,1,33.24,33.24,mobile_app
O002689,2025-05-12,C0412,P0092,1,18.46,18.46,web
O002690,2025-05-24,C0039,P0101,1,14.85,14.85,mobile_app
O002691,2025-05-09,C0233,P0104,2,24.6,49.2,marketplace
O002692,2025-05-25,C0038,P0098,3,31.06,93.18,marketplace
O002693,2025-05-14,C0052,P0091,1,7.04,7.04,marketplace
O002694,2025-05-07,C0431,P0092,2,18.46,36.92,marketplace
O002695,2025-05-02,C0486,P0105,3,33.24,99.72,marketplace
O002696,2025-05-05,C0301,P0098,1,31.06,31.06,mobile_app
O002697,2025-05-22,C0101,P0091,1,7.04,7.04,mobile_app
O002698,2025-05-27,C0096,P0104,2,24.6,49.2,marketplace
O002699,2025-05-07,C0326,P0100,1,12.45,12.45,web
O002700,2025-05-24,C0110,P0100,3,12.45,37.35,web
O002701,2025-05-18,C0313,P0098,2,31.06,62.12,web
O002702,2025-05-14,C0353,P0100,1,12.45,12.45,mobile_app
O002703,2025-05-19,C0121,P0107,3,23.3,69.9,marketplace
O002704,2025-05-22,C0489,P0093,3,32.07,96.21,web
O002705,2025-05-10,C0343,P0091,1,7.04,7.04,mobile_app
O002706,2025-05-13,C0307,P0097,3,11.2,33.6,mobile_app
O002707,2025-05-04,C0113,P0098,2,31.06,62.12,web
O002708,2025-06-15,C0167,P0013,2,29.42,58.84,web
O002709,2025-06-06,C0238,P0009,1,22.25,22.25,mobile_app
O002710,2025-06-23,C0204,P0015,2,35.85,71.7,marketplace
O002711,2025-06-22,C0121,P0017,2,63.6,127.2,web
O002712,2025-06-07,C0456,P0005,3,68.7,206.1,mobile_app
O002713,2025-06-14,C0205,P0003,2,59.29,118.58,mobile_app
O002714,2025-06-16,C0373,P0015,2,35.85,71.7,web
O002715,2025-06-10,C0230,P0010,1,75.53,75.53,mobile_app
O002716,2025-06-20,C0169,P0004,3,32.45,97.35,web
O002717,2025-06-24,C0011,P0008,1,86.79,86.79,mobile_app
O002718,2025-06-21,C0026,P0015,1,35.85,35.85,marketplace
O002719,2025-06-28,C0368,P0005,2,68.7,137.4,web
O002720,2025-06-12,C0170,P0017,1,63.6,63.6,mobile_app
O002721,2025-06-04,C0257,P0016,3,42.76,128.28,mobile_app
O002722,2025-06-06,C0145,P0011,1,87.98,87.98,mobile_app
O002723,2025-06-13,C0068,P0007,3,67.36,202.08,marketplace
O002724,2025-06-03,C0038,P0002,1,31.74,31.74,marketplace
O002725,2025-06-14,C0011,P0006,3,48.69,146.07,web
O002726,2025-06-20,C0471,P0013,3,29.42,88.26,web
O002727,2025-06-26,C0166,P0008,2,86.79,173.58,mobile_app
O002728,2025-06-10,C0141,P0008,1,86.79,86.79,mobile_app
O002729,2025-06-14,C0048,P0011,2,87.98,175.96,web
O002730,2025-06-09,C0248,P0008,3,86.79,260.37,mobile_app
O002731,2025-06-17,C0126,P0016,3,42.76,128.28,mobile_app
O002732,2025-06-04,C0232,P0011,3,87.98,263.94,web
O002733,2025-06-13,C0395,P0010,1,75.53,75.53,web
O002734,2025-06-19,C0056,P0003,2,59.29,118.58,marketplace
O002735,2025-06-26,C0323,P0001,1,62.96,62.96,web
O002736,2025-06-03,C0073,P0012,1,77.21,77.21,mobile_app
O002737,2025-06-17,C0371,P0016,2,42.76,85.52,marketplace
O002738,2025-06-25,C0253,P0004,1,32.45,32.45,mobile_app
O002739,2025-06-11,C0428,P0002,3,31.74,95.22,web
O002740,2025-06-07,C0387,P0005,3,68.7,206.1,marketplace
O002741,2025-06-16,C0161,P0017,3,63.6,190.8,marketplace
O002742,2025-06-03,C0472,P0014,3,88.89,266.67,web
O002743,2025-06-13,C0066,P0016,1,42.76,42.76,web
O002744,2025-06-14,C0254,P0010,1,75.53,75.53,web
O002745,2025-06-16,C0072,P0002,3,31.74,95.22,marketplace
O002746,2025-06-13,C0005,P0006,2,48.69,97.38,mobile_app
O002747,2025-06-11,C0315,P0011,3,87.98,263.94,mobile_app
O002748,2025-06-05,C0149,P0013,1,29.42,29.42,marketplace
O002749,2025-06-23,C0191,P0010,3,75.53,226.59,marketplace
O002750,2025-06-15,C0108,P0014,2,88.89,177.78,mobile_app
O002751,2025-06-28,C0476,P0016,3,42.76,128.28,web
O002752,2025-06-03,C0003,P0011,2,87.98,175.96,mobile_app
O002753,2025-06-23,C0049,P0017,1,63.6,63.6,marketplace
O002754,2025-06-02,C0320,P0012,1,77.21,77.21,mobile_app
O002755,2025-06-12,C0326,P0003,1,59.29,59.29,marketplace
O002756,2025-06-21,C0008,P0004,2,32.45,64.9,web
O002757,2025-06-09,C0288,P0016,2,42.76,85.52,marketplace
O002758,2025-06-03,C0304,P0007,1,67.36,67.36,web
O002759,2025-06-26,C0268,P0012,1,77.21,77.21,marketplace
O002760,2025-06-11,C0295,P0006,2,48.69,97.38,marketplace
O002761,2025-06-28,C0316,P0012,3,77.21,231.63,marketplace
O002762,2025-06-06,C0002,P0011,1,87.98,87.98,web
O002763,2025-06-26,C0315,P0013,1,29.42,29.42,web
O002764,2025-06-17,C0414,P0002,1,31.74,31.74,mobile_app
O002765,2025-06-11,C0155,P0005,2,68.7,137.4,marketplace
O002766,2025-06-18,C0202,P0004,1,32.45,32.45,mobile_app
O002767,2025-06-16,C0182,P0003,3,59.29,177.87,mobile_app
O002768,2025-06-17,C0041,P0007,2,67.36,134.72,marketplace
O002769,2025-06-21,C0427,P0010,1,75.53,75.53,mobile_app
O002770,2025-06-18,C0227,P0012,2,77.21,154.42,mobile_app
O002771,2025-06-22,C0062,P0003,2,59.29,118.58,marketplace
O002772,2025-06-12,C0092,P0001,3,62.96,188.88,web
O002773,2025-06-25,C0344,P0010,2,75.53,151.06,mobile_app
O002774,2025-06-20,C0287,P0004,1,32.45,32.45,web
O002775,2025-06-24,C0006,P0016,1,42.76,42.76,web
O002776,2025-06-07,C0003,P0008,3,86.79,260.37,marketplace
O002777,2025-06-12,C0469,P0015,1,35.85,35.85,mobile_app
O002778,2025-06-20,C0140,P0008,1,86.79,86.79,web
O002779,2025-06-16,C0204,P0011,3,87.98,263.94,web
O002780,2025-06-09,C0141,P0011,3,87.98,263.94,marketplace
O002781,2025-06-21,C0233,P0011,3,87.98,263.94,mobile_app
O002782,2025-06-23,C0079,P0001,3,62.96,188.88,marketplace
O002783,2025-06-03,C0215,P0017,1,63.6,63.6,web
O002784,2025-06-21,C0315,P0015,1,35.85,35.85,marketplace
O002785,2025-06-12,C0265,P0010,3,75.53,226.59,web
O002786,2025-06-14,C0429,P0011,2,87.98,175.96,marketplace
O002787,2025-06-07,C0423,P0005,1,68.7,68.7,marketplace
O002788,2025-06-07,C0353,P0015,3,35.85,107.55,marketplace
O002789,2025-06-24,C0432,P0014,3,88.89,266.67,web
O002790,2025-06-12,C0061,P0014,3,88.89,266.67,mobile_app
O002791,2025-06-03,C0290,P0008,3,86.79,260.37,mobile_app
O002792,2025-06-21,C0495,P0011,3,87.98,263.94,web
O002793,2025-06-07,C0327,P0001,1,62.96,62.96,mobile_app
O002794,2025-06-08,C0158,P0008,3,86.79,260.37,marketplace
O002795,2025-06-24,C0387,P0002,1,31.74,31.74,marketplace
O002796,2025-06-11,C0212,P0030,3,77.83,233.49,web
O002797,2025-06-07,C0091,P0024,2,80.92,161.84,mobile_app
O002798,2025-06-12,C0396,P0036,2,55.15,110.3,marketplace
O002799,2025-06-22,C0426,P0033,3,56.38,169.14,web
O002800,2025-06-14,C0178,P0024,3,80.92,242.76,marketplace
O002801,2025-06-07,C0176,P0022,2,35.22,70.44,marketplace
O002802,2025-06-27,C0381,P0022,3,35.22,105.66,mobile_app
O002803,2025-06-17,C0338,P0023,1,68.9,68.9,marketplace
O002804,2025-06-22,C0302,P0022,2,35.22,70.44,web
O002805,2025-06-21,C0184,P0019,1,247.59,247.59,web
O002806,2025-06-12,C0157,P0032,1,196.78,196.78,web
O002807,2025-06-25,C0012,P0022,1,35.22,35.22,mobile_app
O002808,2025-06-19,C0295,P0024,2,80.92,161.84,marketplace
O002809,2025-06-16,C0428,P0028,2,164.31,328.62,web
O002810,2025-06-02,C0498,P0028,2,164.31,328.62,web
O002811,2025-06-04,C0216,P0036,3,55.15,165.45,mobile_app
O002812,2025-06-13,C0304,P0021,3,209.01,627.03,web
O002813,2025-06-07,C0488,P0035,3,88.64,265.92,marketplace
O002814,2025-06-22,C0171,P0025,1,80.43,80.43,web
O002815,2025-06-26,C0393,P0027,2,133.51,267.02,web
O002816,2025-06-13,C0085,P0021,2,209.01,418.02,mobile_app
O002817,2025-06-06,C0121,P0033,1,56.38,56.38,web
O002818,2025-06-08,C0079,P0022,3,35.22,105.66,marketplace
O002819,2025-06-01,C0245,P0021,2,209.01,418.02,web
O002820,2025-06-18,C0352,P0025,2,80.43,160.86,mobile_app
O002821,2025-06-22,C0193,P0036,2,55.15,110.3,mobile_app
O002822,2025-06-13,C0066,P0027,1,133.51,133.51,mobile_app
O002823,2025-06-13,C0396,P0024,1,80.92,80.92,mobile_app
O002824,2025-06-24,C0447,P0028,3,164.31,492.93,mobile_app
O002825,2025-06-03,C0178,P0036,3,55.15,165.45,mobile_app
O002826,2025-06-01,C0114,P0019,3,247.59,742.77,marketplace
O002827,2025-06-20,C0385,P0027,3,133.51,400.53,mobile_app
O002828,2025-06-08,C0071,P0024,3,80.92,242.76,mobile_app
O002829,2025-06-06,C0218,P0028,3,164.31,492.93,web
O002830,2025-06-22,C0421,P0027,2,133.51,267.02,mobile_app
O002831,2025-06-15,C0413,P0020,1,177.46,177.46,web
O002832,2025-06-04,C0336,P0029,3,34.61,103.83,mobile_app
O002833,2025-06-06,C0164,P0027,1,133.51,133.51,web
O002834,2025-06-22,C0233,P0028,2,164.31,328.62,web
O002835,2025-06-13,C0217,P0034,3,195.25,585.75,web
O002836,2025-06-24,C0325,P0026,2,103.26,206.52,web
O002837,2025-06-17,C0191,P0026,2,103.26,206.52,mobile_app
O002838,2025-06-12,C0058,P0029,3,34.61,103.83,web
O002839,2025-06-25,C0197,P0031,3,185.77,557.31,marketplace
O002840,2025-06-07,C0264,P0022,2,35.22,70.44,marketplace
O002841,2025-06-14,C0025,P0035,2,88.64,177.28,mobile_app
O002842,2025-06-28,C0251,P0023,1,68.9,68.9,mobile_app
O002843,2025-06-22,C0190,P0035,3,88.64,265.92,mobile_app
O002844,2025-06-10,C0393,P0021,3,209.01,627.03,web
O002845,2025-06-10,C0183,P0034,1,195.25,195.25,mobile_app
O002846,2025-06-24,C0019,P0033,2,56.38,112.76,marketplace
O002847,2025-06-06,C0044,P0031,1,185.77,185.77,marketplace
O002848,2025-06-15,C0353,P0027,2,133.51,267.02,marketplace
O002849,2025-06-02,C0076,P0030,2,77.83,155.66,marketplace
O002850,2025-06-26,C0452,P0024,3,80.92,242.76,web
O002851,2025-06-03,C0173,P0022,3,35.22,105.66,marketplace
O002852,2025-06-13,C0012,P0021,2,209.01,418.02,web
O002853,2025-06-24,C0335,P0020,2,177.46,354.92,marketplace
O002854,2025-06-04,C0407,P0021,2,209.01,418.02,web
O002855,2025-06-20,C0264,P0023,2,68.9,137.8,marketplace
O002856,2025-06-23,C0410,P0027,1,133.51,133.51,web
O002857,2025-06-07,C0390,P0027,2,133.51,267.02,mobile_app
O002858,2025-06-25,C0096,P0033,3,56.38,169.14,mobile_app
O002859,2025-06-20,C0205,P0027,1,133.51,133.51,web
O002860,2025-06-01,C0209,P0022,2,35.22,70.44,web
O002861,2025-06-26,C0500,P0025,3,80.43,241.29,marketplace
O002862,2025-06-08,C0010,P0033,1,56.38,56.38,marketplace
O002863,2025-06-20,C0148,P0022,1,35.22,35.22,marketplace
O002864,2025-06-19,C0216,P0019,2,247.59,495.18,marketplace
O002865,2025-06-13,C0244,P0034,3,195.25,585.75,marketplace
O002866,2025-06-28,C0381,P0021,2,209.01,418.02,mobile_app
O002867,2025-06-28,C0293,P0036,3,55.15,165.45,web
O002868,2025-06-12,C0043,P0034,3,195.25,585.75,web
O002869,2025-06-12,C0156,P0025,3,80.43,241.29,mobile_app
O002870,2025-06-22,C0240,P0031,2,185.77,371.54,web
O002871,2025-06-25,C0012,P0026,2,103.26,206.52,mobile_app
O002872,2025-06-08,C0193,P0029,2,34.61,69.22,marketplace
O002873,2025-06-10,C0092,P0031,3,185.77,557.31,web
O002874,2025-06-14,C0181,P0041,3,24.12,72.36,web
O002875,2025-06-09,C0164,P0039,3,16.37,49.11,mobile_app
O002876,2025-06-22,C0492,P0040,3,90.51,271.53,marketplace
O002877,2025-06-17,C0275,P0050,2,69.32,138.64,marketplace
O002878,2025-06-16,C0388,P0053,2,55.22,110.44,mobile_app
O002879,2025-06-06,C0474,P0041,2,24.12,48.24,web
O002880,2025-06-18,C0425,P0038,1,22.31,22.31,mobile_app
O002881,2025-06-06,C0350,P0053,3,55.22,165.66,web
O002882,2025-06-14,C0499,P0051,3,61.99,185.97,mobile_app
O002883,2025-06-01,C0317,P0041,3,24.12,72.36,web
O002884,2025-06-17,C0042,P0038,3,22.31,66.93,marketplace
O002885,2025-06-01,C0167,P0052,2,20.38,40.76,marketplace
O002886,2025-06-21,C0242,P0037,3,111.03,333.09,marketplace
O002887,2025-06-01,C0381,P0053,2,55.22,110.44,marketplace
O002888,2025-06-13,C0283,P0037,3,111.03,333.09,marketplace
O002889,2025-06-15,C0189,P0049,1,66.56,66.56,marketplace
O002890,2025-06-16,C0480,P0051,1,61.99,61.99,marketplace
O002891,2025-06-05,C0151,P0053,2,55.22,110.44,web
O002892,2025-06-19,C0237,P0039,1,16.37,16.37,mobile_app
O002893,2025-06-15,C0124,P0038,3,22.31,66.93,web
O002894,2025-06-21,C0057,P0050,3,69.32,207.96,marketplace
O002895,2025-06-08,C0237,P0040,1,90.51,90.51,marketplace
O002896,2025-06-24,C0017,P0037,1,111.03,111.03,marketplace
O002897,2025-06-16,C0442,P0045,3,108.96,326.88,mobile_app
O002898,2025-06-09,C0453,P0044,2,53.89,107.78,marketplace
O002899,2025-06-25,C0311,P0044,3,53.89,161.67,marketplace
O002900,2025-06-01,C0225,P0048,3,17.41,52.23,mobile_app
O002901,2025-06-10,C0416,P0041,1,24.12,24.12,mobile_app
O002902,2025-06-25,C0021,P0039,3,16.37,49.11,mobile_app
O002903,2025-06-21,C0333,P0052,3,20.38,61.14,mobile_app
O002904,2025-06-04,C0075,P0047,1,74.73,74.73,mobile_app
O002905,2025-06-25,C0406,P0038,3,22.31,66.93,web
O002906,2025-06-14,C0337,P0048,2,17.41,34.82,mobile_app
O002907,2025-06-26,C0248,P0044,1,53.89,53.89,web
O002908,2025-06-21,C0356,P0038,2,22.31,44.62,web
O002909,2025-06-16,C0386,P0042,3,39.16,117.48,web
O002910,2025-06-10,C0353,P0045,2,108.96,217.92,mobile_app
O002911,2025-06-23,C0133,P0054,2,81.88,163.76,marketplace
O002912,2025-06-25,C0072,P0047,1,74.73,74.73,web
O002913,2025-06-08,C0451,P0038,1,22.31,22.31,mobile_app
O002914,2025-06-10,C0158,P0052,3,20.38,61.14,marketplace
O002915,2025-06-10,C0244,P0041,3,24.12,72.36,marketplace
O002916,2025-06-05,C0381,P0046,2,17.04,34.08,marketplace
O002917,2025-06-10,C0440,P0045,3,108.96,326.88,mobile_app
O002918,2025-06-01,C0436,P0039,1,16.37,16.37,web
O002919,2025-06-19,C0007,P0047,1,74.73,74.73,mobile_app
O002920,2025-06-24,C0446,P0039,3,16.37,49.11,marketplace
O002921,2025-06-06,C0498,P0051,3,61.99,185.97,mobile_app
O002922,2025-06-28,C0257,P0047,3,74.73,224.19,mobile_app
O002923,2025-06-28,C0475,P0040,2,90.51,181.02,mobile_app
O002924,2025-06-16,C0090,P0046,3,17.04,51.12,mobile_app
O002925,2025-06-22,C0485,P0042,1,39.16,39.16,web
O002926,2025-06-07,C0115,P0050,2,69.32,138.64,web
O002927,2025-06-26,C0062,P0052,3,20.38,61.14,marketplace
O002928,2025-06-15,C0292,P0040,2,90.51,181.02,marketplace
O002929,2025-06-28,C0420,P0048,3,17.41,52.23,marketplace
O002930,2025-06-07,C0187,P0044,3,53.89,161.67,marketplace
O002931,2025-06-18,C0434,P0053,3,55.22,165.66,marketplace
O002932,2025-06-26,C0029,P0047,1,74.73,74.73,mobile_app
O002933,2025-06-08,C0132,P0046,1,17.04,17.04,marketplace
O002934,2025-06-28,C0126,P0052,3,20.38,61.14,web
O002935,2025-06-06,C0021,P0050,2,69.32,138.64,marketplace
O002936,2025-06-03,C0381,P0044,2,53.89,107.78,web
O002937,2025-06-05,C0268,P0040,1,90.51,90.51,mobile_app
O002938,2025-06-08,C0300,P0042,1,39.16,39.16,marketplace
O002939,2025-06-18,C0452,P0044,1,53.89,53.89,web
O002940,2025-06-03,C0101,P0052,3,20.38,61.14,mobile_app
O002941,2025-06-16,C0102,P0053,1,55.22,55.22,web
O002942,2025-06-20,C0250,P0040,1,90.51,90.51,mobile_app
O002943,2025-06-14,C0441,P0054,3,81.88,245.64,web
O002944,2025-06-25,C0330,P0051,2,61.99,123.98,web
O002945,2025-06-20,C0387,P0040,3,90.51,271.53,mobile_app
O002946,2025-06-25,C0209,P0047,2,74.73,149.46,marketplace
O002947,2025-06-06,C0169,P0054,3,81.88,245.64,marketplace
O002948,2025-06-21,C0154,P0045,2,108.96,217.92,mobile_app
O002949,2025-06-11,C0141,P0043,1,112.18,112.18,marketplace
O002950,2025-06-21,C0226,P0054,2,81.88,163.76,web
O002951,2025-06-16,C0004,P0045,1,108.96,108.96,mobile_app
O002952,2025-06-16,C0254,P0052,3,20.38,61.14,web
O002953,2025-06-22,C0156,P0041,2,24.12,48.24,web
O002954,2025-06-11,C0327,P0050,2,69.32,138.64,marketplace
O002955,2025-06-07,C0399,P0052,1,20.38,20.38,web
O002956,2025-06-10,C0257,P0051,1,61.99,61.99,mobile_app
O002957,2025-06-16,C0053,P0052,3,20.38,61.14,marketplace
O002958,2025-06-07,C0293,P0046,3,17.04,51.12,marketplace
O002959,2025-06-07,C0393,P0052,1,20.38,20.38,mobile_app
O002960,2025-06-20,C0340,P0038,1,22.31,22.31,web
O002961,2025-06-16,C0335,P0053,3,55.22,165.66,marketplace
O002962,2025-06-09,C0118,P0048,3,17.41,52.23,mobile_app
O002963,2025-06-12,C0075,P0049,2,66.56,133.12,mobile_app
O002964,2025-06-27,C0382,P0040,2,90.51,181.02,mobile_app
O002965,2025-06-19,C0202,P0038,2,22.31,44.62,mobile_app
O002966,2025-06-15,C0393,P0051,1,61.99,61.99,mobile_app
O002967,2025-06-01,C0165,P0047,2,74.73,149.46,mobile_app
O002968,2025-06-18,C0287,P0039,2,16.37,32.74,marketplace
O002969,2025-06-17,C0226,P0072,3,38.91,116.73,mobile_app
O002970,2025-06-06,C0167,P0069,1,57.96,57.96,marketplace
O002971,2025-06-19,C0241,P0056,3,17.96,53.88,web
O002972,2025-06-23,C0492,P0069,2,57.96,115.92,marketplace
O002973,2025-06-20,C0301,P0056,2,17.96,35.92,mobile_app
O002974,2025-06-21,C0176,P0057,1,17.54,17.54,mobile_app
O002975,2025-06-10,C0057,P0057,2,17.54,35.08,mobile_app
O002976,2025-06-03,C0167,P0058,3,50.02,150.06,marketplace
O002977,2025-06-28,C0078,P0058,1,50.02,50.02,marketplace
O002978,2025-06-18,C0046,P0068,1,34.15,34.15,mobile_app
O002979,2025-06-18,C0391,P0062,3,16.56,49.68,marketplace
O002980,2025-06-27,C0150,P0055,3,45.87,137.61,marketplace
O002981,2025-06-28,C0185,P0072,2,38.91,77.82,mobile_app
O002982,2025-06-06,C0165,P0058,1,50.02,50.02,mobile_app
O002983,2025-06-11,C0102,P0067,2,46.89,93.78,marketplace
O002984,2025-06-09,C0310,P0068,2,34.15,68.3,marketplace
O002985,2025-06-04,C0329,P0058,1,50.02,50.02,mobile_app
O002986,2025-06-26,C0025,P0062,2,16.56,33.12,marketplace
O002987,2025-06-12,C0009,P0064,3,44.22,132.66,marketplace
O002988,2025-06-17,C0448,P0060,1,56.17,56.17,mobile_app
O002989,2025-06-10,C0295,P0071,2,14.23,28.46,mobile_app
O002990,2025-06-03,C0290,P0064,3,44.22,132.66,web
O002991,2025-06-18,C0082,P0065,1,45.36,45.36,marketplace
O002992,2025-06-19,C0473,P0067,1,46.89,46.89,mobile_app
O002993,2025-06-25,C0038,P0062,1,16.56,16.56,marketplace
O002994,2025-06-15,C0232,P0066,2,58.37,116.74,marketplace
O002995,2025-06-03,C0094,P0071,2,14.23,28.46,marketplace
O002996,2025-06-17,C0400,P0060,2,56.17,112.34,marketplace
O002997,2025-06-01,C0206,P0066,2,58.37,116.74,marketplace
O002998,2025-06-27,C0200,P0060,3,56.17,168.51,web
O002999,2025-06-22,C0394,P0071,3,14.23,42.69,mobile_app
O003000,2025-06-22,C0103,P0061,3,33.25,99.75,marketplace
O003001,2025-06-28,C0296,P0068,3,34.15,102.45,web
O003002,2025-06-07,C0158,P0063,1,56.18,56.18,web
O003003,2025-06-20,C0484,P0059,3,41.91,125.73,web
O003004,2025-06-12,C0489,P0070,3,38.94,116.82,web
O003005,2025-06-08,C0337,P0069,2,57.96,115.92,web
O003006,2025-06-14,C0139,P0070,1,38.94,38.94,web
O003007,2025-06-25,C0182,P0070,1,38.94,38.94,web
O003008,2025-06-04,C0428,P0064,2,44.22,88.44,mobile_app
O003009,2025-06-07,C0395,P0071,1,14.23,14.23,mobile_app
O003010,2025-06-03,C0497,P0071,1,14.23,14.23,web
O003011,2025-06-24,C0265,P0059,3,41.91,125.73,web
O003012,2025-06-04,C0482,P0062,1,16.56,16.56,mobile_app
O003013,2025-06-24,C0163,P0061,2,33.25,66.5,mobile_app
O003014,2025-06-26,C0260,P0064,1,44.22,44.22,mobile_app
O003015,2025-06-04,C0484,P0061,3,33.25,99.75,mobile_app
O003016,2025-06-12,C0485,P0058,2,50.02,100.04,mobile_app
O003017,2025-06-28,C0334,P0063,2,56.18,112.36,mobile_app
O003018,2025-06-03,C0334,P0066,3,58.37,175.11,marketplace
O003019,2025-06-01,C0488,P0067,2,46.89,93.78,mobile_app
O003020,2025-06-02,C0073,P0058,2,50.02,100.04,web
O003021,2025-06-05,C0266,P0065,1,45.36,45.36,web
O003022,2025-06-25,C0020,P0056,2,17.96,35.92,web
O003023,2025-06-28,C0379,P0060,1,56.17,56.17,marketplace
O003024,2025-06-14,C0422,P0072,3,38.91,116.73,web
O003025,2025-06-17,C0495,P0061,1,33.25,33.25,web
O003026,2025-06-06,C0187,P0062,3,16.56,49.68,web
O003027,2025-06-16,C0105,P0060,1,56.17,56.17,mobile_app
O003028,2025-06-27,C0136,P0057,2,17.54,35.08,marketplace
O003029,2025-06-11,C0015,P0064,1,44.22,44.22,mobile_app
O003030,2025-06-24,C0269,P0056,3,17.96,53.88,web
O003031,2025-06-12,C0460,P0063,1,56.18,56.18,web
O003032,2025-06-04,C0496,P0059,1,41.91,41.91,mobile_app
O003033,2025-06-28,C0460,P0064,2,44.22,88.44,marketplace
O003034,2025-06-26,C0327,P0057,3,17.54,52.62,web
O003035,2025-06-09,C0066,P0064,2,44.22,88.44,mobile_app
O003036,2025-06-20,C0343,P0058,2,50.02,100.04,marketplace
O003037,2025-06-24,C0426,P0058,2,50.02,100.04,marketplace
O003038,2025-06-17,C0067,P0072,1,38.91,38.91,web
O003039,2025-06-24,C0049,P0071,1,14.23,14.23,marketplace
O003040,2025-06-04,C0128,P0059,3,41.91,125.73,web
O003041,2025-06-22,C0155,P0065,3,45.36,136.08,mobile_app
O003042,2025-06-22,C0303,P0072,2,38.91,77.82,marketplace
O003043,2025-06-25,C0461,P0061,2,33.25,66.5,web
O003044,2025-06-22,C0075,P0068,2,34.15,68.3,marketplace
O003045,2025-06-24,C0464,P0064,1,44.22,44.22,mobile_app
O003046,2025-06-06,C0008,P0067,1,46.89,46.89,web
O003047,2025-06-06,C0204,P0070,1,38.94,38.94,mobile_app
O003048,2025-06-13,C0232,P0072,3,38.91,116.73,web
O003049,2025-06-18,C0226,P0058,2,50.02,100.04,web
O003050,2025-06-25,C0264,P0069,3,57.96,173.88,mobile_app
O003051,2025-06-09,C0175,P0056,1,17.96,17.96,mobile_app
O003052,2025-06-04,C0343,P0080,3,36.3,108.9,mobile_app
O003053,2025-06-03,C0401,P0089,2,115.07,230.14,mobile_app
O003054,2025-06-18,C0065,P0088,1,60.03,60.03,web
O003055,2025-06-27,C0057,P0082,2,105.16,210.32,web
O003056,2025-06-05,C0448,P0089,2,115.07,230.14,mobile_app
O003057,2025-06-18,C0482,P0083,2,50.7,101.4,web
O003058,2025-06-06,C0204,P0086,3,48.9,146.7,marketplace
O003059,2025-06-08,C0398,P0078,3,87.58,262.74,web
O003060,2025-06-12,C0270,P0081,3,147.82,443.46,marketplace
O003061,2025-06-28,C0272,P0087,3,100.63,301.89,marketplace
O003062,2025-06-12,C0082,P0081,1,147.82,147.82,web
O003063,2025-06-21,C0440,P0084,3,51.77,155.31,marketplace
O003064,2025-06-05,C0277,P0083,3,50.7,152.1,marketplace
O003065,2025-06-09,C0026,P0083,1,50.7,50.7,mobile_app
O003066,2025-06-14,C0458,P0075,3,32.67,98.01,mobile_app
O003067,2025-06-24,C0481,P0075,1,32.67,32.67,mobile_app
O003068,2025-06-20,C0305,P0077,3,98.86,296.58,web
O003069,2025-06-13,C0403,P0086,1,48.9,48.9,web
O003070,2025-06-19,C0100,P0089,2,115.07,230.14,web
O003071,2025-06-08,C0494,P0078,1,87.58,87.58,mobile_app
O003072,2025-06-04,C0372,P0074,2,105.41,210.82,marketplace
O003073,2025-06-05,C0106,P0087,3,100.63,301.89,mobile_app
O003074,2025-06-25,C0168,P0074,2,105.41,210.82,web
O003075,2025-06-10,C0269,P0073,3,93.8,281.4,web
O003076,2025-06-16,C0119,P0088,3,60.03,180.09,marketplace
O003077,2025-06-18,C0381,P0080,1,36.3,36.3,marketplace
O003078,2025-06-25,C0467,P0083,1,50.7,50.7,marketplace
O003079,2025-06-02,C0196,P0079,2,133.92,267.84,mobile_app
O003080,2025-06-14,C0300,P0090,2,16.31,32.62,web
O003081,2025-06-28,C0407,P0074,3,105.41,316.23,mobile_app
O003082,2025-06-17,C0053,P0079,1,133.92,133.92,web
O003083,2025-06-20,C0443,P0085,3,107.81,323.43,mobile_app
O003084,2025-06-16,C0429,P0079,3,133.92,401.76,marketplace
O003085,2025-06-02,C0327,P0087,2,100.63,201.26,web
O003086,2025-06-27,C0371,P0079,2,133.92,267.84,marketplace
O003087,2025-06-21,C0261,P0088,2,60.03,120.06,mobile_app
O003088,2025-06-12,C0043,P0084,2,51.77,103.54,web
O003089,2025-06-08,C0300,P0083,2,50.7,101.4,mobile_app
O003090,2025-06-22,C0137,P0085,2,107.81,215.62,web
O003091,2025-06-16,C0288,P0087,3,100.63,301.89,marketplace
O003092,2025-06-20,C0266,P0077,2,98.86,197.72,marketplace
O003093,2025-06-04,C0303,P0082,3,105.16,315.48,marketplace
O003094,2025-06-04,C0061,P0074,3,105.41,316.23,web
O003095,2025-06-23,C0463,P0076,3,140.42,421.26,marketplace
O003096,2025-06-23,C0382,P0079,2,133.92,267.84,web
O003097,2025-06-28,C0236,P0081,2,147.82,295.64,marketplace
O003098,2025-06-13,C0417,P0082,1,105.16,105.16,marketplace
O003099,2025-06-22,C0465,P0085,2,107.81,215.62,web
O003100,2025-06-01,C0323,P0086,1,48.9,48.9,mobile_app
O003101,2025-06-26,C0015,P0088,2,60.03,120.06,marketplace
O003102,2025-06-12,C0420,P0078,2,87.58,175.16,marketplace
O003103,2025-06-09,C0229,P0085,1,107.81,107.81,web
O003104,2025-06-21,C0135,P0078,3,87.58,262.74,web
O003105,2025-06-21,C0165,P0074,3,105.41,316.23,marketplace
O003106,2025-06-25,C0418,P0082,2,105.16,210.32,web
O003107,2025-06-11,C0181,P0090,1,16.31,16.31,marketplace
O003108,2025-06-11,C0425,P0087,1,100.63,100.63,mobile_app
O003109,2025-06-03,C0328,P0083,3,50.7,152.1,mobile_app
O003110,2025-06-21,C0096,P0088,2,60.03,120.06,mobile_app
O003111,2025-06-16,C0180,P0083,3,50.7,152.1,mobile_app
O003112,2025-06-25,C0082,P0081,2,147.82,295.64,web
O003113,2025-06-07,C0298,P0088,1,60.03,60.03,mobile_app
O003114,2025-06-21,C0287,P0076,3,140.42,421.26,mobile_app
O003115,2025-06-06,C0204,P0078,3,87.58,262.74,marketplace
O003116,2025-06-03,C0047,P0079,1,133.92,133.92,marketplace
O003117,2025-06-13,C0437,P0075,3,32.67,98.01,mobile_app
O003118,2025-06-18,C0182,P0084,2,51.77,103.54,mobile_app
O003119,2025-06-04,C0433,P0080,2,36.3,72.6,marketplace
O003120,2025-06-20,C0292,P0078,2,87.58,175.16,web
O003121,2025-06-15,C0423,P0086,1,48.9,48.9,web
O003122,2025-06-22,C0141,P0076,1,140.42,140.42,web
O003123,2025-06-08,C0126,P0089,3,115.07,345.21,web
O003124,2025-06-05,C0007,P0073,1,93.8,93.8,mobile_app
O003125,2025-06-28,C0314,P0079,1,133.92,133.92,mobile_app
O003126,2025-06-18,C0283,P0081,2,147.82,295.64,marketplace
O003127,2025-06-28,C0266,P0073,1,93.8,93.8,marketplace
O003128,2025-06-13,C0383,P0077,3,98.86,296.58,mobile_app
O003129,2025-06-26,C0411,P0076,2,140.42,280.84,mobile_app
O003130,2025-06-08,C0164,P0089,2,115.07,230.14,marketplace
O003131,2025-06-05,C0165,P0079,3,133.92,401.76,marketplace
O003132,2025-06-19,C0066,P0080,3,36.3,108.9,web
O003133,2025-06-23,C0244,P0074,3,105.41,316.23,marketplace
O003134,2025-06-08,C0369,P0073,3,93.8,281.4,mobile_app
O003135,2025-06-18,C0421,P0084,3,51.77,155.31,web
O003136,2025-06-27,C0028,P0079,3,133.92,401.76,mobile_app
O003137,2025-06-19,C0224,P0079,2,133.92,267.84,web
O003138,2025-06-01,C0287,P0079,1,133.92,133.92,mobile_app
O003139,2025-06-12,C0245,P0083,1,50.7,50.7,marketplace
O003140,2025-06-12,C0034,P0081,3,147.82,443.46,marketplace
O003141,2025-06-24,C0015,P0073,2,93.8,187.6,marketplace
O003142,2025-06-23,C0392,P0089,2,115.07,230.14,web
O003143,2025-06-22,C0232,P0076,1,140.42,140.42,mobile_app
O003144,2025-06-10,C0170,P0073,3,93.8,281.4,web
O003145,2025-06-14,C0074,P0081,3,147.82,443.46,marketplace
O003146,2025-06-11,C0442,P0088,3,60.03,180.09,web
O003147,2025-06-23,C0387,P0086,1,48.9,48.9,mobile_app
O003148,2025-06-20,C0033,P0075,1,32.67,32.67,marketplace
O003149,2025-06-24,C0100,P0088,1,60.03,60.03,web
O003150,2025-06-27,C0093,P0085,1,107.81,107.81,web
O003151,2025-06-04,C0170,P0096,3,34.31,102.93,web
O003152,2025-06-19,C0359,P0093,2,32.07,64.14,marketplace
O003153,2025-06-13,C0357,P0095,2,27.73,55.46,mobile_app
O003154,2025-06-06,C0050,P0102,2,6.69,13.38,mobile_app
O003155,2025-06-14,C0451,P0105,3,33.24,99.72,mobile_app
O003156,2025-06-09,C0206,P0095,1,27.73,27.73,web
O003157,2025-06-21,C0042,P0106,3,22.84,68.52,mobile_app
O003158,2025-06-17,C0132,P0099,1,28.83,28.83,web
O003159,2025-06-18,C0031,P0091,1,7.04,7.04,marketplace
O003160,2025-06-01,C0494,P0104,1,24.6,24.6,marketplace
O003161,2025-06-12,C0440,P0105,3,33.24,99.72,web
O003162,2025-06-21,C0318,P0104,1,24.6,24.6,mobile_app
O003163,2025-06-12,C0050,P0093,1,32.07,32.07,marketplace
O003164,2025-06-12,C0294,P0091,3,7.04,21.12,web
O003165,2025-06-28,C0451,P0106,3,22.84,68.52,web
O003166,2025-06-01,C0319,P0108,2,23.58,47.16,web
O003167,2025-06-26,C0479,P0091,1,7.04,7.04,mobile_app
O003168,2025-06-12,C0350,P0099,1,28.83,28.83,web
O003169,2025-06-04,C0255,P0108,1,23.58,23.58,web
O003170,2025-06-11,C0481,P0092,3,18.46,55.38,mobile_app
O003171,2025-06-27,C0200,P0108,3,23.58,70.74,mobile_app
O003172,2025-06-18,C0034,P0095,3,27.73,83.19,mobile_app
O003173,2025-06-08,C0492,P0099,1,28.83,28.83,mobile_app
O003174,2025-06-02,C0184,P0094,2,8.98,17.96,web
O003175,2025-06-26,C0432,P0095,2,27.73,55.46,marketplace
O003176,2025-06-04,C0435,P0103,3,31.07,93.21,marketplace
O003177,2025-06-11,C0467,P0095,3,27.73,83.19,marketplace
O003178,2025-06-18,C0268,P0108,3,23.58,70.74,mobile_app
O003179,2025-06-07,C0145,P0098,3,31.06,93.18,mobile_app
O003180,2025-06-10,C0484,P0103,1,31.07,31.07,marketplace
O003181,2025-06-13,C0043,P0092,2,18.46,36.92,mobile_app
O003182,2025-06-11,C0288,P0100,1,12.45,12.45,mobile_app
O003183,2025-06-16,C0403,P0092,2,18.46,36.92,mobile_app
O003184,2025-06-02,C0271,P0091,3,7.04,21.12,web
O003185,2025-06-10,C0457,P0101,1,14.85,14.85,marketplace
O003186,2025-06-18,C0089,P0091,3,7.04,21.12,marketplace
O003187,2025-06-18,C0015,P0091,1,7.04,7.04,web
O003188,2025-06-07,C0181,P0105,2,33.24,66.48,marketplace
O003189,2025-06-28,C0223,P0091,3,7.04,21.12,marketplace
O003190,2025-06-17,C0190,P0093,1,32.07,32.07,marketplace
O003191,2025-06-04,C0235,P0093,1,32.07,32.07,web
O003192,2025-06-11,C0038,P0106,3,22.84,68.52,marketplace
O003193,2025-06-19,C0328,P0104,1,24.6,24.6,marketplace
O003194,2025-06-08,C0338,P0103,1,31.07,31.07,mobile_app
O003195,2025-06-27,C0117,P0108,2,23.58,47.16,mobile_app
O003196,2025-06-02,C0080,P0092,2,18.46,36.92,web
O003197,2025-06-22,C0133,P0099,3,28.83,86.49,mobile_app
O003198,2025-06-28,C0462,P0107,3,23.3,69.9,marketplace
O003199,2025-06-24,C0468,P0108,3,23.58,70.74,mobile_app
O003200,2025-06-14,C0422,P0094,1,8.98,8.98,mobile_app
O003201,2025-06-27,C0399,P0094,1,8.98,8.98,mobile_app
O003202,2025-06-21,C0355,P0103,1,31.07,31.07,mobile_app
O003203,2025-06-05,C0340,P0095,2,27.73,55.46,marketplace
O003204,2025-06-04,C0060,P0095,3,27.73,83.19,web
O003205,2025-06-03,C0094,P0095,2,27.73,55.46,marketplace
O003206,2025-06-09,C0490,P0105,3,33.24,99.72,marketplace
O003207,2025-06-13,C0146,P0096,3,34.31,102.93,marketplace
O003208,2025-06-09,C0056,P0098,3,31.06,93.18,web
O003209,2025-06-03,C0285,P0094,1,8.98,8.98,mobile_app
O003210,2025-06-02,C0241,P0095,3,27.73,83.19,mobile_app
O003211,2025-06-02,C0427,P0094,1,8.98,8.98,mobile_app
O003212,2025-06-26,C0035,P0103,3,31.07,93.21,web
O003213,2025-06-15,C0379,P0097,2,11.2,22.4,web
O003214,2025-06-22,C0479,P0104,1,24.6,24.6,marketplace
O003215,2025-06-25,C0108,P0098,1,31.06,31.06,marketplace
O003216,2025-06-01,C0486,P0105,3,33.24,99.72,web
O003217,2025-06-06,C0180,P0092,2,18.46,36.92,mobile_app
O003218,2025-06-02,C0201,P0094,3,8.98,26.94,mobile_app
O003219,2025-06-17,C0033,P0106,2,22.84,45.68,web
O003220,2025-06-11,C0337,P0106,1,22.84,22.84,marketplace
O003221,2025-06-03,C0432,P0093,2,32.07,64.14,web
O003222,2025-06-18,C0083,P0097,2,11.2,22.4,web
O003223,2025-06-02,C0058,P0104,2,24.6,49.2,marketplace
O003224,2025-06-18,C0009,P0106,3,22.84,68.52,marketplace
O003225,2025-06-11,C0190,P0098,3,31.06,93.18,web
O003226,2025-06-22,C0120,P0100,1,12.45,12.45,web
O003227,2025-06-02,C0417,P0095,3,27.73,83.19,mobile_app
O003228,2025-06-28,C0115,P0096,1,34.31,34.31,marketplace
O003229,2025-06-03,C0011,P0108,3,23.58,70.74,marketplace
O003230,2025-06-19,C0331,P0097,2,11.2,22.4,mobile_app
O003231,2025-06-13,C0231,P0103,3,31.07,93.21,marketplace
O003232,2025-06-20,C0129,P0101,2,14.85,29.7,mobile_app
O003233,2025-06-15,C0246,P0097,3,11.2,33.6,web
O003234,2025-06-08,C0074,P0095,2,27.73,55.46,mobile_app
O003235,2025-06-13,C0132,P0093,1,32.07,32.07,web
O003236,2025-06-14,C0413,P0098,1,31.06,31.06,mobile_app
O003237,2025-06-14,C0364,P0108,2,23.58,47.16,marketplace
O003238,2025-06-05,C0431,P0095,2,27.73,55.46,marketplace
O003239,2025-06-14,C0453,P0096,2,34.31,68.62,mobile_app
O003240,2025-06-15,C0488,P0107,2,23.3,46.6,mobile_app
O003241,2025-06-11,C0341,P0106,2,22.84,45.68,mobile_app
O003242,2025-06-07,C0126,P0107,3,23.3,69.9,web
O003243,2025-06-07,C0486,P0105,3,33.24,99.72,marketplace
O003244,2025-06-12,C0461,P0096,3,34.31,102.93,mobile_app
O003245,2025-06-12,C0330,P0108,2,23.58,47.16,mobile_app
O003246,2025-06-16,C0056,P0095,1,27.73,27.73,marketplace
O003247,2025-06-27,C0490,P0104,2,24.6,49.2,marketplace
O003248,2025-06-07,C0173,P0098,1,31.06,31.06,marketplace
O003249,2025-06-13,C0480,P0101,3,14.85,44.55,marketplace
O003250,2025-06-01,C0356,P0098,2,31.06,62.12,web
O003251,2025-06-06,C0140,P0105,3,33.24,99.72,marketplace
